1.567279e-01, -7.046939e-02, 0.000000e+00
1.567279e-01, -7.046939e-02, 0.000000e+00
1.567279e-01, -7.046939e-02, 0.000000e+00
1.567279e-01, -7.046939e-02, 0.000000e+00
1.567279e-01, -7.046939e-02, 0.000000e+00
1.567279e-01, -7.046939e-02, 0.000000e+00
1.567279e-01, -7.046939e-02, 0.000000e+00
1.567279e-01, -7.046939e-02, 0.000000e+00
1.567279e-01, -7.046939e-02, 0.000000e+00
1.567279e-01, -7.046939e-02, 0.000000e+00
1.567279e-01, -7.046939e-02, 0.000000e+00
1.567279e-01, -7.046939e-02, 0.000000e+00
1.567279e-01, -7.046939e-02, 0.000000e+00
1.567279e-01, -7.046939e-02, 0.000000e+00
1.567279e-01, -7.046939e-02, 0.000000e+00
1.567279e-01, -7.046939e-02, 0.000000e+00
1.567279e-01, -7.046939e-02, 0.000000e+00
1.567279e-01, -7.046939e-02, 0.000000e+00
1.567279e-01, -7.046939e-02, 0.000000e+00
1.567279e-01, -7.046939e-02, 0.000000e+00
1.405196e-01, -5.093720e-02, 0.000000e+00
1.405196e-01, -5.093720e-02, 0.000000e+00
1.405196e-01, -5.093720e-02, 0.000000e+00
1.405196e-01, -5.093720e-02, 0.000000e+00
1.405196e-01, -5.093720e-02, 0.000000e+00
1.405196e-01, -5.093720e-02, 0.000000e+00
1.405196e-01, -5.093720e-02, 0.000000e+00
1.405196e-01, -5.093720e-02, 0.000000e+00
1.405196e-01, -5.093720e-02, 0.000000e+00
1.405196e-01, -5.093720e-02, 0.000000e+00
1.405196e-01, -5.093720e-02, 0.000000e+00
1.405196e-01, -5.093720e-02, 0.000000e+00
1.405196e-01, -5.093720e-02, 0.000000e+00
1.405196e-01, -5.093720e-02, 0.000000e+00
1.405196e-01, -5.093720e-02, 0.000000e+00
1.405196e-01, -5.093720e-02, 0.000000e+00
1.405196e-01, -5.093720e-02, 0.000000e+00
1.405196e-01, -5.093720e-02, 0.000000e+00
1.405196e-01, -5.093720e-02, 0.000000e+00
1.405196e-01, -5.093720e-02, 0.000000e+00
1.219536e-01, -3.246079e-02, 0.000000e+00
1.219536e-01, -3.246079e-02, 0.000000e+00
1.219536e-01, -3.246079e-02, 0.000000e+00
1.219536e-01, -3.246079e-02, 0.000000e+00
1.219536e-01, -3.246079e-02, 0.000000e+00
1.219536e-01, -3.246079e-02, 0.000000e+00
1.219536e-01, -3.246079e-02, 0.000000e+00
1.219536e-01, -3.246079e-02, 0.000000e+00
1.219536e-01, -3.246079e-02, 0.000000e+00
1.219536e-01, -3.246079e-02, 0.000000e+00
1.219536e-01, -3.246079e-02, 0.000000e+00
1.219536e-01, -3.246079e-02, 0.000000e+00
1.219536e-01, -3.246079e-02, 0.000000e+00
1.219536e-01, -3.246079e-02, 0.000000e+00
1.219536e-01, -3.246079e-02, 0.000000e+00
1.219536e-01, -3.246079e-02, 0.000000e+00
1.219536e-01, -3.246079e-02, 0.000000e+00
1.219536e-01, -3.246079e-02, 0.000000e+00
1.219536e-01, -3.246079e-02, 0.000000e+00
1.219536e-01, -3.246079e-02, 0.000000e+00
9.837784e-02, -5.568827e-02, 0.000000e+00
9.837784e-02, -5.568827e-02, 0.000000e+00
9.837784e-02, -5.568827e-02, 0.000000e+00
9.837784e-02, -5.568827e-02, 0.000000e+00
9.837784e-02, -5.568827e-02, 0.000000e+00
9.837784e-02, -5.568827e-02, 0.000000e+00
9.837784e-02, -5.568827e-02, 0.000000e+00
9.837784e-02, -5.568827e-02, 0.000000e+00
9.837784e-02, -5.568827e-02, 0.000000e+00
9.837784e-02, -5.568827e-02, 0.000000e+00
9.837784e-02, -5.568827e-02, 0.000000e+00
9.837784e-02, -5.568827e-02, 0.000000e+00
9.837784e-02, -5.568827e-02, 0.000000e+00
9.837784e-02, -5.568827e-02, 0.000000e+00
9.837784e-02, -5.568827e-02, 0.000000e+00
9.837784e-02, -5.568827e-02, 0.000000e+00
9.837784e-02, -5.568827e-02, 0.000000e+00
9.837784e-02, -5.568827e-02, 0.000000e+00
9.837784e-02, -5.568827e-02, 0.000000e+00
9.837784e-02, -5.568827e-02, 0.000000e+00
1.151756e-01, -7.680416e-02, 0.000000e+00
1.151756e-01, -7.680416e-02, 0.000000e+00
1.151756e-01, -7.680416e-02, 0.000000e+00
1.151756e-01, -7.680416e-02, 0.000000e+00
1.151756e-01, -7.680416e-02, 0.000000e+00
1.151756e-01, -7.680416e-02, 0.000000e+00
1.151756e-01, -7.680416e-02, 0.000000e+00
1.151756e-01, -7.680416e-02, 0.000000e+00
1.151756e-01, -7.680416e-02, 0.000000e+00
1.151756e-01, -7.680416e-02, 0.000000e+00
1.151756e-01, -7.680416e-02, 0.000000e+00
1.151756e-01, -7.680416e-02, 0.000000e+00
1.151756e-01, -7.680416e-02, 0.000000e+00
1.151756e-01, -7.680416e-02, 0.000000e+00
1.151756e-01, -7.680416e-02, 0.000000e+00
1.151756e-01, -7.680416e-02, 0.000000e+00
1.151756e-01, -7.680416e-02, 0.000000e+00
1.151756e-01, -7.680416e-02, 0.000000e+00
1.151756e-01, -7.680416e-02, 0.000000e+00
1.151756e-01, -7.680416e-02, 0.000000e+00
1.396355e-01, -1.053106e-01, 0.000000e+00
1.396355e-01, -1.053106e-01, 0.000000e+00
1.396355e-01, -1.053106e-01, 0.000000e+00
1.396355e-01, -1.053106e-01, 0.000000e+00
1.396355e-01, -1.053106e-01, 0.000000e+00
1.396355e-01, -1.053106e-01, 0.000000e+00
1.396355e-01, -1.053106e-01, 0.000000e+00
1.396355e-01, -1.053106e-01, 0.000000e+00
1.396355e-01, -1.053106e-01, 0.000000e+00
1.396355e-01, -1.053106e-01, 0.000000e+00
1.396355e-01, -1.053106e-01, 0.000000e+00
1.396355e-01, -1.053106e-01, 0.000000e+00
1.396355e-01, -1.053106e-01, 0.000000e+00
1.396355e-01, -1.053106e-01, 0.000000e+00
1.396355e-01, -1.053106e-01, 0.000000e+00
1.396355e-01, -1.053106e-01, 0.000000e+00
1.396355e-01, -1.053106e-01, 0.000000e+00
1.396355e-01, -1.053106e-01, 0.000000e+00
1.396355e-01, -1.053106e-01, 0.000000e+00
1.396355e-01, -1.053106e-01, 0.000000e+00
1.299105e-01, -9.105738e-02, 0.000000e+00
1.299105e-01, -9.105738e-02, 0.000000e+00
1.299105e-01, -9.105738e-02, 0.000000e+00
1.299105e-01, -9.105738e-02, 0.000000e+00
1.299105e-01, -9.105738e-02, 0.000000e+00
1.299105e-01, -9.105738e-02, 0.000000e+00
1.299105e-01, -9.105738e-02, 0.000000e+00
1.299105e-01, -9.105738e-02, 0.000000e+00
1.299105e-01, -9.105738e-02, 0.000000e+00
1.299105e-01, -9.105738e-02, 0.000000e+00
1.299105e-01, -9.105738e-02, 0.000000e+00
1.299105e-01, -9.105738e-02, 0.000000e+00
1.299105e-01, -9.105738e-02, 0.000000e+00
1.299105e-01, -9.105738e-02, 0.000000e+00
1.299105e-01, -9.105738e-02, 0.000000e+00
1.299105e-01, -9.105738e-02, 0.000000e+00
1.299105e-01, -9.105738e-02, 0.000000e+00
1.299105e-01, -9.105738e-02, 0.000000e+00
1.299105e-01, -9.105738e-02, 0.000000e+00
1.299105e-01, -9.105738e-02, 0.000000e+00
9.307328e-02, -3.826766e-02, 0.000000e+00
9.307328e-02, -3.826766e-02, 0.000000e+00
9.307328e-02, -3.826766e-02, 0.000000e+00
9.307328e-02, -3.826766e-02, 0.000000e+00
9.307328e-02, -3.826766e-02, 0.000000e+00
9.307328e-02, -3.826766e-02, 0.000000e+00
9.307328e-02, -3.826766e-02, 0.000000e+00
9.307328e-02, -3.826766e-02, 0.000000e+00
9.307328e-02, -3.826766e-02, 0.000000e+00
9.307328e-02, -3.826766e-02, 0.000000e+00
9.307328e-02, -3.826766e-02, 0.000000e+00
9.307328e-02, -3.826766e-02, 0.000000e+00
9.307328e-02, -3.826766e-02, 0.000000e+00
9.307328e-02, -3.826766e-02, 0.000000e+00
9.307328e-02, -3.826766e-02, 0.000000e+00
9.307328e-02, -3.826766e-02, 0.000000e+00
9.307328e-02, -3.826766e-02, 0.000000e+00
9.307328e-02, -3.826766e-02, 0.000000e+00
9.307328e-02, -3.826766e-02, 0.000000e+00
9.307328e-02, -3.826766e-02, 0.000000e+00
9.336798e-02, -4.482239e-03, 0.000000e+00
9.336798e-02, -4.482239e-03, 0.000000e+00
9.336798e-02, -4.482239e-03, 0.000000e+00
9.336798e-02, -4.482239e-03, 0.000000e+00
9.336798e-02, -4.482239e-03, 0.000000e+00
9.336798e-02, -4.482239e-03, 0.000000e+00
9.336798e-02, -4.482239e-03, 0.000000e+00
9.336798e-02, -4.482239e-03, 0.000000e+00
9.336798e-02, -4.482239e-03, 0.000000e+00
9.336798e-02, -4.482239e-03, 0.000000e+00
9.336798e-02, -4.482239e-03, 0.000000e+00
9.336798e-02, -4.482239e-03, 0.000000e+00
9.336798e-02, -4.482239e-03, 0.000000e+00
9.336798e-02, -4.482239e-03, 0.000000e+00
9.336798e-02, -4.482239e-03, 0.000000e+00
9.336798e-02, -4.482239e-03, 0.000000e+00
9.336798e-02, -4.482239e-03, 0.000000e+00
9.336798e-02, -4.482239e-03, 0.000000e+00
9.336798e-02, -4.482239e-03, 0.000000e+00
9.336798e-02, -4.482239e-03, 0.000000e+00
9.395737e-02, 3.933323e-02, 0.000000e+00
9.395737e-02, 3.933323e-02, 0.000000e+00
9.395737e-02, 3.933323e-02, 0.000000e+00
9.395737e-02, 3.933323e-02, 0.000000e+00
9.395737e-02, 3.933323e-02, 0.000000e+00
9.395737e-02, 3.933323e-02, 0.000000e+00
9.395737e-02, 3.933323e-02, 0.000000e+00
9.395737e-02, 3.933323e-02, 0.000000e+00
9.395737e-02, 3.933323e-02, 0.000000e+00
9.395737e-02, 3.933323e-02, 0.000000e+00
9.395737e-02, 3.933323e-02, 0.000000e+00
9.395737e-02, 3.933323e-02, 0.000000e+00
9.395737e-02, 3.933323e-02, 0.000000e+00
9.395737e-02, 3.933323e-02, 0.000000e+00
9.395737e-02, 3.933323e-02, 0.000000e+00
9.395737e-02, 3.933323e-02, 0.000000e+00
9.395737e-02, 3.933323e-02, 0.000000e+00
9.395737e-02, 3.933323e-02, 0.000000e+00
9.395737e-02, 3.933323e-02, 0.000000e+00
9.395737e-02, 3.933323e-02, 0.000000e+00
1.145862e-01, 3.563795e-02, 0.000000e+00
1.145862e-01, 3.563795e-02, 0.000000e+00
1.145862e-01, 3.563795e-02, 0.000000e+00
1.145862e-01, 3.563795e-02, 0.000000e+00
1.145862e-01, 3.563795e-02, 0.000000e+00
1.145862e-01, 3.563795e-02, 0.000000e+00
1.145862e-01, 3.563795e-02, 0.000000e+00
1.145862e-01, 3.563795e-02, 0.000000e+00
1.145862e-01, 3.563795e-02, 0.000000e+00
1.145862e-01, 3.563795e-02, 0.000000e+00
1.145862e-01, 3.563795e-02, 0.000000e+00
1.145862e-01, 3.563795e-02, 0.000000e+00
1.145862e-01, 3.563795e-02, 0.000000e+00
1.145862e-01, 3.563795e-02, 0.000000e+00
1.145862e-01, 3.563795e-02, 0.000000e+00
1.145862e-01, 3.563795e-02, 0.000000e+00
1.145862e-01, 3.563795e-02, 0.000000e+00
1.145862e-01, 3.563795e-02, 0.000000e+00
1.145862e-01, 3.563795e-02, 0.000000e+00
1.145862e-01, 3.563795e-02, 0.000000e+00
1.172385e-01, -3.954341e-03, 0.000000e+00
1.172385e-01, -3.954341e-03, 0.000000e+00
1.172385e-01, -3.954341e-03, 0.000000e+00
1.172385e-01, -3.954341e-03, 0.000000e+00
1.172385e-01, -3.954341e-03, 0.000000e+00
1.172385e-01, -3.954341e-03, 0.000000e+00
1.172385e-01, -3.954341e-03, 0.000000e+00
1.172385e-01, -3.954341e-03, 0.000000e+00
1.172385e-01, -3.954341e-03, 0.000000e+00
1.172385e-01, -3.954341e-03, 0.000000e+00
1.172385e-01, -3.954341e-03, 0.000000e+00
1.172385e-01, -3.954341e-03, 0.000000e+00
1.172385e-01, -3.954341e-03, 0.000000e+00
1.172385e-01, -3.954341e-03, 0.000000e+00
1.172385e-01, -3.954341e-03, 0.000000e+00
1.172385e-01, -3.954341e-03, 0.000000e+00
1.172385e-01, -3.954341e-03, 0.000000e+00
1.172385e-01, -3.954341e-03, 0.000000e+00
1.172385e-01, -3.954341e-03, 0.000000e+00
1.172385e-01, -3.954341e-03, 0.000000e+00
8.158007e-02, -1.314855e-03, 0.000000e+00
8.158007e-02, -1.314855e-03, 0.000000e+00
8.158007e-02, -1.314855e-03, 0.000000e+00
8.158007e-02, -1.314855e-03, 0.000000e+00
8.158007e-02, -1.314855e-03, 0.000000e+00
8.158007e-02, -1.314855e-03, 0.000000e+00
8.158007e-02, -1.314855e-03, 0.000000e+00
8.158007e-02, -1.314855e-03, 0.000000e+00
8.158007e-02, -1.314855e-03, 0.000000e+00
8.158007e-02, -1.314855e-03, 0.000000e+00
8.158007e-02, -1.314855e-03, 0.000000e+00
8.158007e-02, -1.314855e-03, 0.000000e+00
8.158007e-02, -1.314855e-03, 0.000000e+00
8.158007e-02, -1.314855e-03, 0.000000e+00
8.158007e-02, -1.314855e-03, 0.000000e+00
8.158007e-02, -1.314855e-03, 0.000000e+00
8.158007e-02, -1.314855e-03, 0.000000e+00
8.158007e-02, -1.314855e-03, 0.000000e+00
8.158007e-02, -1.314855e-03, 0.000000e+00
8.158007e-02, -1.314855e-03, 0.000000e+00
8.099068e-02, 4.038903e-02, 0.000000e+00
8.099068e-02, 4.038903e-02, 0.000000e+00
8.099068e-02, 4.038903e-02, 0.000000e+00
8.099068e-02, 4.038903e-02, 0.000000e+00
8.099068e-02, 4.038903e-02, 0.000000e+00
8.099068e-02, 4.038903e-02, 0.000000e+00
8.099068e-02, 4.038903e-02, 0.000000e+00
8.099068e-02, 4.038903e-02, 0.000000e+00
8.099068e-02, 4.038903e-02, 0.000000e+00
8.099068e-02, 4.038903e-02, 0.000000e+00
8.099068e-02, 4.038903e-02, 0.000000e+00
8.099068e-02, 4.038903e-02, 0.000000e+00
8.099068e-02, 4.038903e-02, 0.000000e+00
8.099068e-02, 4.038903e-02, 0.000000e+00
8.099068e-02, 4.038903e-02, 0.000000e+00
8.099068e-02, 4.038903e-02, 0.000000e+00
8.099068e-02, 4.038903e-02, 0.000000e+00
8.099068e-02, 4.038903e-02, 0.000000e+00
8.099068e-02, 4.038903e-02, 0.000000e+00
8.099068e-02, 4.038903e-02, 0.000000e+00
7.863310e-02, -4.249084e-02, 0.000000e+00
7.863310e-02, -4.249084e-02, 0.000000e+00
7.863310e-02, -4.249084e-02, 0.000000e+00
7.863310e-02, -4.249084e-02, 0.000000e+00
7.863310e-02, -4.249084e-02, 0.000000e+00
7.863310e-02, -4.249084e-02, 0.000000e+00
7.863310e-02, -4.249084e-02, 0.000000e+00
7.863310e-02, -4.249084e-02, 0.000000e+00
7.863310e-02, -4.249084e-02, 0.000000e+00
7.863310e-02, -4.249084e-02, 0.000000e+00
7.863310e-02, -4.249084e-02, 0.000000e+00
7.863310e-02, -4.249084e-02, 0.000000e+00
7.863310e-02, -4.249084e-02, 0.000000e+00
7.863310e-02, -4.249084e-02, 0.000000e+00
7.863310e-02, -4.249084e-02, 0.000000e+00
7.863310e-02, -4.249084e-02, 0.000000e+00
7.863310e-02, -4.249084e-02, 0.000000e+00
7.863310e-02, -4.249084e-02, 0.000000e+00
7.863310e-02, -4.249084e-02, 0.000000e+00
7.863310e-02, -4.249084e-02, 0.000000e+00
7.391793e-02, -5.727196e-02, 0.000000e+00
7.391793e-02, -5.727196e-02, 0.000000e+00
7.391793e-02, -5.727196e-02, 0.000000e+00
7.391793e-02, -5.727196e-02, 0.000000e+00
7.391793e-02, -5.727196e-02, 0.000000e+00
7.391793e-02, -5.727196e-02, 0.000000e+00
7.391793e-02, -5.727196e-02, 0.000000e+00
7.391793e-02, -5.727196e-02, 0.000000e+00
7.391793e-02, -5.727196e-02, 0.000000e+00
7.391793e-02, -5.727196e-02, 0.000000e+00
7.391793e-02, -5.727196e-02, 0.000000e+00
7.391793e-02, -5.727196e-02, 0.000000e+00
7.391793e-02, -5.727196e-02, 0.000000e+00
7.391793e-02, -5.727196e-02, 0.000000e+00
7.391793e-02, -5.727196e-02, 0.000000e+00
7.391793e-02, -5.727196e-02, 0.000000e+00
7.391793e-02, -5.727196e-02, 0.000000e+00
7.391793e-02, -5.727196e-02, 0.000000e+00
7.391793e-02, -5.727196e-02, 0.000000e+00
7.391793e-02, -5.727196e-02, 0.000000e+00
6.330881e-02, -5.674406e-02, 0.000000e+00
6.330881e-02, -5.674406e-02, 0.000000e+00
6.330881e-02, -5.674406e-02, 0.000000e+00
6.330881e-02, -5.674406e-02, 0.000000e+00
6.330881e-02, -5.674406e-02, 0.000000e+00
6.330881e-02, -5.674406e-02, 0.000000e+00
6.330881e-02, -5.674406e-02, 0.000000e+00
6.330881e-02, -5.674406e-02, 0.000000e+00
6.330881e-02, -5.674406e-02, 0.000000e+00
6.330881e-02, -5.674406e-02, 0.000000e+00
6.330881e-02, -5.674406e-02, 0.000000e+00
6.330881e-02, -5.674406e-02, 0.000000e+00
6.330881e-02, -5.674406e-02, 0.000000e+00
6.330881e-02, -5.674406e-02, 0.000000e+00
6.330881e-02, -5.674406e-02, 0.000000e+00
6.330881e-02, -5.674406e-02, 0.000000e+00
6.330881e-02, -5.674406e-02, 0.000000e+00
6.330881e-02, -5.674406e-02, 0.000000e+00
6.330881e-02, -5.674406e-02, 0.000000e+00
6.330881e-02, -5.674406e-02, 0.000000e+00
5.515550e-02, -5.516037e-02, 0.000000e+00
5.515550e-02, -5.516037e-02, 0.000000e+00
5.515550e-02, -5.516037e-02, 0.000000e+00
5.515550e-02, -5.516037e-02, 0.000000e+00
5.515550e-02, -5.516037e-02, 0.000000e+00
5.515550e-02, -5.516037e-02, 0.000000e+00
5.515550e-02, -5.516037e-02, 0.000000e+00
5.515550e-02, -5.516037e-02, 0.000000e+00
5.515550e-02, -5.516037e-02, 0.000000e+00
5.515550e-02, -5.516037e-02, 0.000000e+00
5.515550e-02, -5.516037e-02, 0.000000e+00
5.515550e-02, -5.516037e-02, 0.000000e+00
5.515550e-02, -5.516037e-02, 0.000000e+00
5.515550e-02, -5.516037e-02, 0.000000e+00
5.515550e-02, -5.516037e-02, 0.000000e+00
5.515550e-02, -5.516037e-02, 0.000000e+00
5.515550e-02, -5.516037e-02, 0.000000e+00
5.515550e-02, -5.516037e-02, 0.000000e+00
5.515550e-02, -5.516037e-02, 0.000000e+00
5.515550e-02, -5.516037e-02, 0.000000e+00
4.395697e-02, -5.357668e-02, 0.000000e+00
4.395697e-02, -5.357668e-02, 0.000000e+00
4.395697e-02, -5.357668e-02, 0.000000e+00
4.395697e-02, -5.357668e-02, 0.000000e+00
4.395697e-02, -5.357668e-02, 0.000000e+00
4.395697e-02, -5.357668e-02, 0.000000e+00
4.395697e-02, -5.357668e-02, 0.000000e+00
4.395697e-02, -5.357668e-02, 0.000000e+00
4.395697e-02, -5.357668e-02, 0.000000e+00
4.395697e-02, -5.357668e-02, 0.000000e+00
4.395697e-02, -5.357668e-02, 0.000000e+00
4.395697e-02, -5.357668e-02, 0.000000e+00
4.395697e-02, -5.357668e-02, 0.000000e+00
4.395697e-02, -5.357668e-02, 0.000000e+00
4.395697e-02, -5.357668e-02, 0.000000e+00
4.395697e-02, -5.357668e-02, 0.000000e+00
4.395697e-02, -5.357668e-02, 0.000000e+00
4.395697e-02, -5.357668e-02, 0.000000e+00
4.395697e-02, -5.357668e-02, 0.000000e+00
4.395697e-02, -5.357668e-02, 0.000000e+00
6.193355e-02, -8.049944e-02, 0.000000e+00
6.193355e-02, -8.049944e-02, 0.000000e+00
6.193355e-02, -8.049944e-02, 0.000000e+00
6.193355e-02, -8.049944e-02, 0.000000e+00
6.193355e-02, -8.049944e-02, 0.000000e+00
6.193355e-02, -8.049944e-02, 0.000000e+00
6.193355e-02, -8.049944e-02, 0.000000e+00
6.193355e-02, -8.049944e-02, 0.000000e+00
6.193355e-02, -8.049944e-02, 0.000000e+00
6.193355e-02, -8.049944e-02, 0.000000e+00
6.193355e-02, -8.049944e-02, 0.000000e+00
6.193355e-02, -8.049944e-02, 0.000000e+00
6.193355e-02, -8.049944e-02, 0.000000e+00
6.193355e-02, -8.049944e-02, 0.000000e+00
6.193355e-02, -8.049944e-02, 0.000000e+00
6.193355e-02, -8.049944e-02, 0.000000e+00
6.193355e-02, -8.049944e-02, 0.000000e+00
6.193355e-02, -8.049944e-02, 0.000000e+00
6.193355e-02, -8.049944e-02, 0.000000e+00
6.193355e-02, -8.049944e-02, 0.000000e+00
7.460556e-02, -1.000316e-01, 0.000000e+00
7.460556e-02, -1.000316e-01, 0.000000e+00
7.460556e-02, -1.000316e-01, 0.000000e+00
7.460556e-02, -1.000316e-01, 0.000000e+00
7.460556e-02, -1.000316e-01, 0.000000e+00
7.460556e-02, -1.000316e-01, 0.000000e+00
7.460556e-02, -1.000316e-01, 0.000000e+00
7.460556e-02, -1.000316e-01, 0.000000e+00
7.460556e-02, -1.000316e-01, 0.000000e+00
7.460556e-02, -1.000316e-01, 0.000000e+00
7.460556e-02, -1.000316e-01, 0.000000e+00
7.460556e-02, -1.000316e-01, 0.000000e+00
7.460556e-02, -1.000316e-01, 0.000000e+00
7.460556e-02, -1.000316e-01, 0.000000e+00
7.460556e-02, -1.000316e-01, 0.000000e+00
7.460556e-02, -1.000316e-01, 0.000000e+00
7.460556e-02, -1.000316e-01, 0.000000e+00
7.460556e-02, -1.000316e-01, 0.000000e+00
7.460556e-02, -1.000316e-01, 0.000000e+00
7.460556e-02, -1.000316e-01, 0.000000e+00
1.008336e-01, -1.185080e-01, 0.000000e+00
1.008336e-01, -1.185080e-01, 0.000000e+00
1.008336e-01, -1.185080e-01, 0.000000e+00
1.008336e-01, -1.185080e-01, 0.000000e+00
1.008336e-01, -1.185080e-01, 0.000000e+00
1.008336e-01, -1.185080e-01, 0.000000e+00
1.008336e-01, -1.185080e-01, 0.000000e+00
1.008336e-01, -1.185080e-01, 0.000000e+00
1.008336e-01, -1.185080e-01, 0.000000e+00
1.008336e-01, -1.185080e-01, 0.000000e+00
1.008336e-01, -1.185080e-01, 0.000000e+00
1.008336e-01, -1.185080e-01, 0.000000e+00
1.008336e-01, -1.185080e-01, 0.000000e+00
1.008336e-01, -1.185080e-01, 0.000000e+00
1.008336e-01, -1.185080e-01, 0.000000e+00
1.008336e-01, -1.185080e-01, 0.000000e+00
1.008336e-01, -1.185080e-01, 0.000000e+00
1.008336e-01, -1.185080e-01, 0.000000e+00
1.008336e-01, -1.185080e-01, 0.000000e+00
1.008336e-01, -1.185080e-01, 0.000000e+00
9.346621e-02, -1.037269e-01, 0.000000e+00
9.346621e-02, -1.037269e-01, 0.000000e+00
9.346621e-02, -1.037269e-01, 0.000000e+00
9.346621e-02, -1.037269e-01, 0.000000e+00
9.346621e-02, -1.037269e-01, 0.000000e+00
9.346621e-02, -1.037269e-01, 0.000000e+00
9.346621e-02, -1.037269e-01, 0.000000e+00
9.346621e-02, -1.037269e-01, 0.000000e+00
9.346621e-02, -1.037269e-01, 0.000000e+00
9.346621e-02, -1.037269e-01, 0.000000e+00
9.346621e-02, -1.037269e-01, 0.000000e+00
9.346621e-02, -1.037269e-01, 0.000000e+00
9.346621e-02, -1.037269e-01, 0.000000e+00
9.346621e-02, -1.037269e-01, 0.000000e+00
9.346621e-02, -1.037269e-01, 0.000000e+00
9.346621e-02, -1.037269e-01, 0.000000e+00
9.346621e-02, -1.037269e-01, 0.000000e+00
9.346621e-02, -1.037269e-01, 0.000000e+00
9.346621e-02, -1.037269e-01, 0.000000e+00
9.346621e-02, -1.037269e-01, 0.000000e+00
8.934044e-02, -7.416467e-02, 0.000000e+00
8.934044e-02, -7.416467e-02, 0.000000e+00
8.934044e-02, -7.416467e-02, 0.000000e+00
8.934044e-02, -7.416467e-02, 0.000000e+00
8.934044e-02, -7.416467e-02, 0.000000e+00
8.934044e-02, -7.416467e-02, 0.000000e+00
8.934044e-02, -7.416467e-02, 0.000000e+00
8.934044e-02, -7.416467e-02, 0.000000e+00
8.934044e-02, -7.416467e-02, 0.000000e+00
8.934044e-02, -7.416467e-02, 0.000000e+00
8.934044e-02, -7.416467e-02, 0.000000e+00
8.934044e-02, -7.416467e-02, 0.000000e+00
8.934044e-02, -7.416467e-02, 0.000000e+00
8.934044e-02, -7.416467e-02, 0.000000e+00
8.934044e-02, -7.416467e-02, 0.000000e+00
8.934044e-02, -7.416467e-02, 0.000000e+00
8.934044e-02, -7.416467e-02, 0.000000e+00
8.934044e-02, -7.416467e-02, 0.000000e+00
8.934044e-02, -7.416467e-02, 0.000000e+00
8.934044e-02, -7.416467e-02, 0.000000e+00
3.364254e-02, -5.357668e-02, 0.000000e+00
3.364254e-02, -5.357668e-02, 0.000000e+00
3.364254e-02, -5.357668e-02, 0.000000e+00
3.364254e-02, -5.357668e-02, 0.000000e+00
3.364254e-02, -5.357668e-02, 0.000000e+00
3.364254e-02, -5.357668e-02, 0.000000e+00
3.364254e-02, -5.357668e-02, 0.000000e+00
3.364254e-02, -5.357668e-02, 0.000000e+00
3.364254e-02, -5.357668e-02, 0.000000e+00
3.364254e-02, -5.357668e-02, 0.000000e+00
3.364254e-02, -5.357668e-02, 0.000000e+00
3.364254e-02, -5.357668e-02, 0.000000e+00
3.364254e-02, -5.357668e-02, 0.000000e+00
3.364254e-02, -5.357668e-02, 0.000000e+00
3.364254e-02, -5.357668e-02, 0.000000e+00
3.364254e-02, -5.357668e-02, 0.000000e+00
3.364254e-02, -5.357668e-02, 0.000000e+00
3.364254e-02, -5.357668e-02, 0.000000e+00
3.364254e-02, -5.357668e-02, 0.000000e+00
3.364254e-02, -5.357668e-02, 0.000000e+00
2.362280e-02, -5.304878e-02, 0.000000e+00
2.362280e-02, -5.304878e-02, 0.000000e+00
2.362280e-02, -5.304878e-02, 0.000000e+00
2.362280e-02, -5.304878e-02, 0.000000e+00
2.362280e-02, -5.304878e-02, 0.000000e+00
2.362280e-02, -5.304878e-02, 0.000000e+00
2.362280e-02, -5.304878e-02, 0.000000e+00
2.362280e-02, -5.304878e-02, 0.000000e+00
2.362280e-02, -5.304878e-02, 0.000000e+00
2.362280e-02, -5.304878e-02, 0.000000e+00
2.362280e-02, -5.304878e-02, 0.000000e+00
2.362280e-02, -5.304878e-02, 0.000000e+00
2.362280e-02, -5.304878e-02, 0.000000e+00
2.362280e-02, -5.304878e-02, 0.000000e+00
2.362280e-02, -5.304878e-02, 0.000000e+00
2.362280e-02, -5.304878e-02, 0.000000e+00
2.362280e-02, -5.304878e-02, 0.000000e+00
2.362280e-02, -5.304878e-02, 0.000000e+00
2.362280e-02, -5.304878e-02, 0.000000e+00
2.362280e-02, -5.304878e-02, 0.000000e+00
1.330836e-02, -5.146509e-02, 0.000000e+00
1.330836e-02, -5.146509e-02, 0.000000e+00
1.330836e-02, -5.146509e-02, 0.000000e+00
1.330836e-02, -5.146509e-02, 0.000000e+00
1.330836e-02, -5.146509e-02, 0.000000e+00
1.330836e-02, -5.146509e-02, 0.000000e+00
1.330836e-02, -5.146509e-02, 0.000000e+00
1.330836e-02, -5.146509e-02, 0.000000e+00
1.330836e-02, -5.146509e-02, 0.000000e+00
1.330836e-02, -5.146509e-02, 0.000000e+00
1.330836e-02, -5.146509e-02, 0.000000e+00
1.330836e-02, -5.146509e-02, 0.000000e+00
1.330836e-02, -5.146509e-02, 0.000000e+00
1.330836e-02, -5.146509e-02, 0.000000e+00
1.330836e-02, -5.146509e-02, 0.000000e+00
1.330836e-02, -5.146509e-02, 0.000000e+00
1.330836e-02, -5.146509e-02, 0.000000e+00
1.330836e-02, -5.146509e-02, 0.000000e+00
1.330836e-02, -5.146509e-02, 0.000000e+00
1.330836e-02, -5.146509e-02, 0.000000e+00
-2.015955e-03, -5.040930e-02, 0.000000e+00
-2.015955e-03, -5.040930e-02, 0.000000e+00
-2.015955e-03, -5.040930e-02, 0.000000e+00
-2.015955e-03, -5.040930e-02, 0.000000e+00
-2.015955e-03, -5.040930e-02, 0.000000e+00
-2.015955e-03, -5.040930e-02, 0.000000e+00
-2.015955e-03, -5.040930e-02, 0.000000e+00
-2.015955e-03, -5.040930e-02, 0.000000e+00
-2.015955e-03, -5.040930e-02, 0.000000e+00
-2.015955e-03, -5.040930e-02, 0.000000e+00
-2.015955e-03, -5.040930e-02, 0.000000e+00
-2.015955e-03, -5.040930e-02, 0.000000e+00
-2.015955e-03, -5.040930e-02, 0.000000e+00
-2.015955e-03, -5.040930e-02, 0.000000e+00
-2.015955e-03, -5.040930e-02, 0.000000e+00
-2.015955e-03, -5.040930e-02, 0.000000e+00
-2.015955e-03, -5.040930e-02, 0.000000e+00
-2.015955e-03, -5.040930e-02, 0.000000e+00
-2.015955e-03, -5.040930e-02, 0.000000e+00
-2.015955e-03, -5.040930e-02, 0.000000e+00
-1.380390e-02, -4.882561e-02, 0.000000e+00
-1.380390e-02, -4.882561e-02, 0.000000e+00
-1.380390e-02, -4.882561e-02, 0.000000e+00
-1.380390e-02, -4.882561e-02, 0.000000e+00
-1.380390e-02, -4.882561e-02, 0.000000e+00
-1.380390e-02, -4.882561e-02, 0.000000e+00
-1.380390e-02, -4.882561e-02, 0.000000e+00
-1.380390e-02, -4.882561e-02, 0.000000e+00
-1.380390e-02, -4.882561e-02, 0.000000e+00
-1.380390e-02, -4.882561e-02, 0.000000e+00
-1.380390e-02, -4.882561e-02, 0.000000e+00
-1.380390e-02, -4.882561e-02, 0.000000e+00
-1.380390e-02, -4.882561e-02, 0.000000e+00
-1.380390e-02, -4.882561e-02, 0.000000e+00
-1.380390e-02, -4.882561e-02, 0.000000e+00
-1.380390e-02, -4.882561e-02, 0.000000e+00
-1.380390e-02, -4.882561e-02, 0.000000e+00
-1.380390e-02, -4.882561e-02, 0.000000e+00
-1.380390e-02, -4.882561e-02, 0.000000e+00
-1.380390e-02, -4.882561e-02, 0.000000e+00
-2.677064e-02, -4.671402e-02, 0.000000e+00
-2.677064e-02, -4.671402e-02, 0.000000e+00
-2.677064e-02, -4.671402e-02, 0.000000e+00
-2.677064e-02, -4.671402e-02, 0.000000e+00
-2.677064e-02, -4.671402e-02, 0.000000e+00
-2.677064e-02, -4.671402e-02, 0.000000e+00
-2.677064e-02, -4.671402e-02, 0.000000e+00
-2.677064e-02, -4.671402e-02, 0.000000e+00
-2.677064e-02, -4.671402e-02, 0.000000e+00
-2.677064e-02, -4.671402e-02, 0.000000e+00
-2.677064e-02, -4.671402e-02, 0.000000e+00
-2.677064e-02, -4.671402e-02, 0.000000e+00
-2.677064e-02, -4.671402e-02, 0.000000e+00
-2.677064e-02, -4.671402e-02, 0.000000e+00
-2.677064e-02, -4.671402e-02, 0.000000e+00
-2.677064e-02, -4.671402e-02, 0.000000e+00
-2.677064e-02, -4.671402e-02, 0.000000e+00
-2.677064e-02, -4.671402e-02, 0.000000e+00
-2.677064e-02, -4.671402e-02, 0.000000e+00
-2.677064e-02, -4.671402e-02, 0.000000e+00
-4.003209e-02, -4.671402e-02, 0.000000e+00
-4.003209e-02, -4.671402e-02, 0.000000e+00
-4.003209e-02, -4.671402e-02, 0.000000e+00
-4.003209e-02, -4.671402e-02, 0.000000e+00
-4.003209e-02, -4.671402e-02, 0.000000e+00
-4.003209e-02, -4.671402e-02, 0.000000e+00
-4.003209e-02, -4.671402e-02, 0.000000e+00
-4.003209e-02, -4.671402e-02, 0.000000e+00
-4.003209e-02, -4.671402e-02, 0.000000e+00
-4.003209e-02, -4.671402e-02, 0.000000e+00
-4.003209e-02, -4.671402e-02, 0.000000e+00
-4.003209e-02, -4.671402e-02, 0.000000e+00
-4.003209e-02, -4.671402e-02, 0.000000e+00
-4.003209e-02, -4.671402e-02, 0.000000e+00
-4.003209e-02, -4.671402e-02, 0.000000e+00
-4.003209e-02, -4.671402e-02, 0.000000e+00
-4.003209e-02, -4.671402e-02, 0.000000e+00
-4.003209e-02, -4.671402e-02, 0.000000e+00
-4.003209e-02, -4.671402e-02, 0.000000e+00
-4.003209e-02, -4.671402e-02, 0.000000e+00
-4.916775e-02, -4.618612e-02, 0.000000e+00
-4.916775e-02, -4.618612e-02, 0.000000e+00
-4.916775e-02, -4.618612e-02, 0.000000e+00
-4.916775e-02, -4.618612e-02, 0.000000e+00
-4.916775e-02, -4.618612e-02, 0.000000e+00
-4.916775e-02, -4.618612e-02, 0.000000e+00
-4.916775e-02, -4.618612e-02, 0.000000e+00
-4.916775e-02, -4.618612e-02, 0.000000e+00
-4.916775e-02, -4.618612e-02, 0.000000e+00
-4.916775e-02, -4.618612e-02, 0.000000e+00
-4.916775e-02, -4.618612e-02, 0.000000e+00
-4.916775e-02, -4.618612e-02, 0.000000e+00
-4.916775e-02, -4.618612e-02, 0.000000e+00
-4.916775e-02, -4.618612e-02, 0.000000e+00
-4.916775e-02, -4.618612e-02, 0.000000e+00
-4.916775e-02, -4.618612e-02, 0.000000e+00
-4.916775e-02, -4.618612e-02, 0.000000e+00
-4.916775e-02, -4.618612e-02, 0.000000e+00
-4.916775e-02, -4.618612e-02, 0.000000e+00
-4.916775e-02, -4.618612e-02, 0.000000e+00
-6.036631e-02, -4.513033e-02, 0.000000e+00
-6.036631e-02, -4.513033e-02, 0.000000e+00
-6.036631e-02, -4.513033e-02, 0.000000e+00
-6.036631e-02, -4.513033e-02, 0.000000e+00
-6.036631e-02, -4.513033e-02, 0.000000e+00
-6.036631e-02, -4.513033e-02, 0.000000e+00
-6.036631e-02, -4.513033e-02, 0.000000e+00
-6.036631e-02, -4.513033e-02, 0.000000e+00
-6.036631e-02, -4.513033e-02, 0.000000e+00
-6.036631e-02, -4.513033e-02, 0.000000e+00
-6.036631e-02, -4.513033e-02, 0.000000e+00
-6.036631e-02, -4.513033e-02, 0.000000e+00
-6.036631e-02, -4.513033e-02, 0.000000e+00
-6.036631e-02, -4.513033e-02, 0.000000e+00
-6.036631e-02, -4.513033e-02, 0.000000e+00
-6.036631e-02, -4.513033e-02, 0.000000e+00
-6.036631e-02, -4.513033e-02, 0.000000e+00
-6.036631e-02, -4.513033e-02, 0.000000e+00
-6.036631e-02, -4.513033e-02, 0.000000e+00
-6.036631e-02, -4.513033e-02, 0.000000e+00
-7.259632e-02, -4.249084e-02, 0.000000e+00
-7.259632e-02, -4.249084e-02, 0.000000e+00
-7.259632e-02, -4.249084e-02, 0.000000e+00
-7.259632e-02, -4.249084e-02, 0.000000e+00
-7.259632e-02, -4.249084e-02, 0.000000e+00
-7.259632e-02, -4.249084e-02, 0.000000e+00
-7.259632e-02, -4.249084e-02, 0.000000e+00
-7.259632e-02, -4.249084e-02, 0.000000e+00
-7.259632e-02, -4.249084e-02, 0.000000e+00
-7.259632e-02, -4.249084e-02, 0.000000e+00
-7.259632e-02, -4.249084e-02, 0.000000e+00
-7.259632e-02, -4.249084e-02, 0.000000e+00
-7.259632e-02, -4.249084e-02, 0.000000e+00
-7.259632e-02, -4.249084e-02, 0.000000e+00
-7.259632e-02, -4.249084e-02, 0.000000e+00
-7.259632e-02, -4.249084e-02, 0.000000e+00
-7.259632e-02, -4.249084e-02, 0.000000e+00
-7.259632e-02, -4.249084e-02, 0.000000e+00
-7.259632e-02, -4.249084e-02, 0.000000e+00
-7.259632e-02, -4.249084e-02, 0.000000e+00
-8.644719e-02, -4.090715e-02, 0.000000e+00
-8.644719e-02, -4.090715e-02, 0.000000e+00
-8.644719e-02, -4.090715e-02, 0.000000e+00
-8.644719e-02, -4.090715e-02, 0.000000e+00
-8.644719e-02, -4.090715e-02, 0.000000e+00
-8.644719e-02, -4.090715e-02, 0.000000e+00
-8.644719e-02, -4.090715e-02, 0.000000e+00
-8.644719e-02, -4.090715e-02, 0.000000e+00
-8.644719e-02, -4.090715e-02, 0.000000e+00
-8.644719e-02, -4.090715e-02, 0.000000e+00
-8.644719e-02, -4.090715e-02, 0.000000e+00
-8.644719e-02, -4.090715e-02, 0.000000e+00
-8.644719e-02, -4.090715e-02, 0.000000e+00
-8.644719e-02, -4.090715e-02, 0.000000e+00
-8.644719e-02, -4.090715e-02, 0.000000e+00
-8.644719e-02, -4.090715e-02, 0.000000e+00
-8.644719e-02, -4.090715e-02, 0.000000e+00
-8.644719e-02, -4.090715e-02, 0.000000e+00
-8.644719e-02, -4.090715e-02, 0.000000e+00
-8.644719e-02, -4.090715e-02, 0.000000e+00
-1.070761e-01, -3.932346e-02, 0.000000e+00
-1.070761e-01, -3.932346e-02, 0.000000e+00
-1.070761e-01, -3.932346e-02, 0.000000e+00
-1.070761e-01, -3.932346e-02, 0.000000e+00
-1.070761e-01, -3.932346e-02, 0.000000e+00
-1.070761e-01, -3.932346e-02, 0.000000e+00
-1.070761e-01, -3.932346e-02, 0.000000e+00
-1.070761e-01, -3.932346e-02, 0.000000e+00
-1.070761e-01, -3.932346e-02, 0.000000e+00
-1.070761e-01, -3.932346e-02, 0.000000e+00
-1.070761e-01, -3.932346e-02, 0.000000e+00
-1.070761e-01, -3.932346e-02, 0.000000e+00
-1.070761e-01, -3.932346e-02, 0.000000e+00
-1.070761e-01, -3.932346e-02, 0.000000e+00
-1.070761e-01, -3.932346e-02, 0.000000e+00
-1.070761e-01, -3.932346e-02, 0.000000e+00
-1.070761e-01, -3.932346e-02, 0.000000e+00
-1.070761e-01, -3.932346e-02, 0.000000e+00
-1.070761e-01, -3.932346e-02, 0.000000e+00
-1.070761e-01, -3.932346e-02, 0.000000e+00
-1.182747e-01, -3.932346e-02, 0.000000e+00
-1.182747e-01, -3.932346e-02, 0.000000e+00
-1.182747e-01, -3.932346e-02, 0.000000e+00
-1.182747e-01, -3.932346e-02, 0.000000e+00
-1.182747e-01, -3.932346e-02, 0.000000e+00
-1.182747e-01, -3.932346e-02, 0.000000e+00
-1.182747e-01, -3.932346e-02, 0.000000e+00
-1.182747e-01, -3.932346e-02, 0.000000e+00
-1.182747e-01, -3.932346e-02, 0.000000e+00
-1.182747e-01, -3.932346e-02, 0.000000e+00
-1.182747e-01, -3.932346e-02, 0.000000e+00
-1.182747e-01, -3.932346e-02, 0.000000e+00
-1.182747e-01, -3.932346e-02, 0.000000e+00
-1.182747e-01, -3.932346e-02, 0.000000e+00
-1.182747e-01, -3.932346e-02, 0.000000e+00
-1.182747e-01, -3.932346e-02, 0.000000e+00
-1.182747e-01, -3.932346e-02, 0.000000e+00
-1.182747e-01, -3.932346e-02, 0.000000e+00
-1.182747e-01, -3.932346e-02, 0.000000e+00
-1.182747e-01, -3.932346e-02, 0.000000e+00
-1.244634e-01, -3.826766e-02, 0.000000e+00
-1.244634e-01, -3.826766e-02, 0.000000e+00
-1.244634e-01, -3.826766e-02, 0.000000e+00
-1.244634e-01, -3.826766e-02, 0.000000e+00
-1.244634e-01, -3.826766e-02, 0.000000e+00
-1.244634e-01, -3.826766e-02, 0.000000e+00
-1.244634e-01, -3.826766e-02, 0.000000e+00
-1.244634e-01, -3.826766e-02, 0.000000e+00
-1.244634e-01, -3.826766e-02, 0.000000e+00
-1.244634e-01, -3.826766e-02, 0.000000e+00
-1.244634e-01, -3.826766e-02, 0.000000e+00
-1.244634e-01, -3.826766e-02, 0.000000e+00
-1.244634e-01, -3.826766e-02, 0.000000e+00
-1.244634e-01, -3.826766e-02, 0.000000e+00
-1.244634e-01, -3.826766e-02, 0.000000e+00
-1.244634e-01, -3.826766e-02, 0.000000e+00
-1.244634e-01, -3.826766e-02, 0.000000e+00
-1.244634e-01, -3.826766e-02, 0.000000e+00
-1.244634e-01, -3.826766e-02, 0.000000e+00
-1.244634e-01, -3.826766e-02, 0.000000e+00
-1.241687e-01, -2.507023e-02, 0.000000e+00
-1.241687e-01, -2.507023e-02, 0.000000e+00
-1.241687e-01, -2.507023e-02, 0.000000e+00
-1.241687e-01, -2.507023e-02, 0.000000e+00
-1.241687e-01, -2.507023e-02, 0.000000e+00
-1.241687e-01, -2.507023e-02, 0.000000e+00
-1.241687e-01, -2.507023e-02, 0.000000e+00
-1.241687e-01, -2.507023e-02, 0.000000e+00
-1.241687e-01, -2.507023e-02, 0.000000e+00
-1.241687e-01, -2.507023e-02, 0.000000e+00
-1.241687e-01, -2.507023e-02, 0.000000e+00
-1.241687e-01, -2.507023e-02, 0.000000e+00
-1.241687e-01, -2.507023e-02, 0.000000e+00
-1.241687e-01, -2.507023e-02, 0.000000e+00
-1.241687e-01, -2.507023e-02, 0.000000e+00
-1.241687e-01, -2.507023e-02, 0.000000e+00
-1.241687e-01, -2.507023e-02, 0.000000e+00
-1.241687e-01, -2.507023e-02, 0.000000e+00
-1.241687e-01, -2.507023e-02, 0.000000e+00
-1.241687e-01, -2.507023e-02, 0.000000e+00
-1.250528e-01, -1.028911e-02, 0.000000e+00
-1.250528e-01, -1.028911e-02, 0.000000e+00
-1.250528e-01, -1.028911e-02, 0.000000e+00
-1.250528e-01, -1.028911e-02, 0.000000e+00
-1.250528e-01, -1.028911e-02, 0.000000e+00
-1.250528e-01, -1.028911e-02, 0.000000e+00
-1.250528e-01, -1.028911e-02, 0.000000e+00
-1.250528e-01, -1.028911e-02, 0.000000e+00
-1.250528e-01, -1.028911e-02, 0.000000e+00
-1.250528e-01, -1.028911e-02, 0.000000e+00
-1.250528e-01, -1.028911e-02, 0.000000e+00
-1.250528e-01, -1.028911e-02, 0.000000e+00
-1.250528e-01, -1.028911e-02, 0.000000e+00
-1.250528e-01, -1.028911e-02, 0.000000e+00
-1.250528e-01, -1.028911e-02, 0.000000e+00
-1.250528e-01, -1.028911e-02, 0.000000e+00
-1.250528e-01, -1.028911e-02, 0.000000e+00
-1.250528e-01, -1.028911e-02, 0.000000e+00
-1.250528e-01, -1.028911e-02, 0.000000e+00
-1.250528e-01, -1.028911e-02, 0.000000e+00
-1.244634e-01, 7.967338e-04, 0.000000e+00
-1.244634e-01, 7.967338e-04, 0.000000e+00
-1.244634e-01, 7.967338e-04, 0.000000e+00
-1.244634e-01, 7.967338e-04, 0.000000e+00
-1.244634e-01, 7.967338e-04, 0.000000e+00
-1.244634e-01, 7.967338e-04, 0.000000e+00
-1.244634e-01, 7.967338e-04, 0.000000e+00
-1.244634e-01, 7.967338e-04, 0.000000e+00
-1.244634e-01, 7.967338e-04, 0.000000e+00
-1.244634e-01, 7.967338e-04, 0.000000e+00
-1.244634e-01, 7.967338e-04, 0.000000e+00
-1.244634e-01, 7.967338e-04, 0.000000e+00
-1.244634e-01, 7.967338e-04, 0.000000e+00
-1.244634e-01, 7.967338e-04, 0.000000e+00
-1.244634e-01, 7.967338e-04, 0.000000e+00
-1.244634e-01, 7.967338e-04, 0.000000e+00
-1.244634e-01, 7.967338e-04, 0.000000e+00
-1.244634e-01, 7.967338e-04, 0.000000e+00
-1.244634e-01, 7.967338e-04, 0.000000e+00
-1.244634e-01, 7.967338e-04, 0.000000e+00
-1.244634e-01, 2.349631e-02, 0.000000e+00
-1.244634e-01, 2.349631e-02, 0.000000e+00
-1.244634e-01, 2.349631e-02, 0.000000e+00
-1.244634e-01, 2.349631e-02, 0.000000e+00
-1.244634e-01, 2.349631e-02, 0.000000e+00
-1.244634e-01, 2.349631e-02, 0.000000e+00
-1.244634e-01, 2.349631e-02, 0.000000e+00
-1.244634e-01, 2.349631e-02, 0.000000e+00
-1.244634e-01, 2.349631e-02, 0.000000e+00
-1.244634e-01, 2.349631e-02, 0.000000e+00
-1.244634e-01, 2.349631e-02, 0.000000e+00
-1.244634e-01, 2.349631e-02, 0.000000e+00
-1.244634e-01, 2.349631e-02, 0.000000e+00
-1.244634e-01, 2.349631e-02, 0.000000e+00
-1.244634e-01, 2.349631e-02, 0.000000e+00
-1.244634e-01, 2.349631e-02, 0.000000e+00
-1.244634e-01, 2.349631e-02, 0.000000e+00
-1.244634e-01, 2.349631e-02, 0.000000e+00
-1.244634e-01, 2.349631e-02, 0.000000e+00
-1.244634e-01, 2.349631e-02, 0.000000e+00
-1.073708e-01, -2.612603e-02, 0.000000e+00
-1.073708e-01, -2.612603e-02, 0.000000e+00
-1.073708e-01, -2.612603e-02, 0.000000e+00
-1.073708e-01, -2.612603e-02, 0.000000e+00
-1.073708e-01, -2.612603e-02, 0.000000e+00
-1.073708e-01, -2.612603e-02, 0.000000e+00
-1.073708e-01, -2.612603e-02, 0.000000e+00
-1.073708e-01, -2.612603e-02, 0.000000e+00
-1.073708e-01, -2.612603e-02, 0.000000e+00
-1.073708e-01, -2.612603e-02, 0.000000e+00
-1.073708e-01, -2.612603e-02, 0.000000e+00
-1.073708e-01, -2.612603e-02, 0.000000e+00
-1.073708e-01, -2.612603e-02, 0.000000e+00
-1.073708e-01, -2.612603e-02, 0.000000e+00
-1.073708e-01, -2.612603e-02, 0.000000e+00
-1.073708e-01, -2.612603e-02, 0.000000e+00
-1.073708e-01, -2.612603e-02, 0.000000e+00
-1.073708e-01, -2.612603e-02, 0.000000e+00
-1.073708e-01, -2.612603e-02, 0.000000e+00
-1.073708e-01, -2.612603e-02, 0.000000e+00
-1.103178e-01, 9.770987e-03, 0.000000e+00
-1.103178e-01, 9.770987e-03, 0.000000e+00
-1.103178e-01, 9.770987e-03, 0.000000e+00
-1.103178e-01, 9.770987e-03, 0.000000e+00
-1.103178e-01, 9.770987e-03, 0.000000e+00
-1.103178e-01, 9.770987e-03, 0.000000e+00
-1.103178e-01, 9.770987e-03, 0.000000e+00
-1.103178e-01, 9.770987e-03, 0.000000e+00
-1.103178e-01, 9.770987e-03, 0.000000e+00
-1.103178e-01, 9.770987e-03, 0.000000e+00
-1.103178e-01, 9.770987e-03, 0.000000e+00
-1.103178e-01, 9.770987e-03, 0.000000e+00
-1.103178e-01, 9.770987e-03, 0.000000e+00
-1.103178e-01, 9.770987e-03, 0.000000e+00
-1.103178e-01, 9.770987e-03, 0.000000e+00
-1.103178e-01, 9.770987e-03, 0.000000e+00
-1.103178e-01, 9.770987e-03, 0.000000e+00
-1.103178e-01, 9.770987e-03, 0.000000e+00
-1.103178e-01, 9.770987e-03, 0.000000e+00
-1.103178e-01, 9.770987e-03, 0.000000e+00
-1.100231e-01, 3.563795e-02, 0.000000e+00
-1.100231e-01, 3.563795e-02, 0.000000e+00
-1.100231e-01, 3.563795e-02, 0.000000e+00
-1.100231e-01, 3.563795e-02, 0.000000e+00
-1.100231e-01, 3.563795e-02, 0.000000e+00
-1.100231e-01, 3.563795e-02, 0.000000e+00
-1.100231e-01, 3.563795e-02, 0.000000e+00
-1.100231e-01, 3.563795e-02, 0.000000e+00
-1.100231e-01, 3.563795e-02, 0.000000e+00
-1.100231e-01, 3.563795e-02, 0.000000e+00
-1.100231e-01, 3.563795e-02, 0.000000e+00
-1.100231e-01, 3.563795e-02, 0.000000e+00
-1.100231e-01, 3.563795e-02, 0.000000e+00
-1.100231e-01, 3.563795e-02, 0.000000e+00
-1.100231e-01, 3.563795e-02, 0.000000e+00
-1.100231e-01, 3.563795e-02, 0.000000e+00
-1.100231e-01, 3.563795e-02, 0.000000e+00
-1.100231e-01, 3.563795e-02, 0.000000e+00
-1.100231e-01, 3.563795e-02, 0.000000e+00
-1.100231e-01, 3.563795e-02, 0.000000e+00
-1.082549e-01, 6.731179e-02, 0.000000e+00
-1.082549e-01, 6.731179e-02, 0.000000e+00
-1.082549e-01, 6.731179e-02, 0.000000e+00
-1.082549e-01, 6.731179e-02, 0.000000e+00
-1.082549e-01, 6.731179e-02, 0.000000e+00
-1.082549e-01, 6.731179e-02, 0.000000e+00
-1.082549e-01, 6.731179e-02, 0.000000e+00
-1.082549e-01, 6.731179e-02, 0.000000e+00
-1.082549e-01, 6.731179e-02, 0.000000e+00
-1.082549e-01, 6.731179e-02, 0.000000e+00
-1.082549e-01, 6.731179e-02, 0.000000e+00
-1.082549e-01, 6.731179e-02, 0.000000e+00
-1.082549e-01, 6.731179e-02, 0.000000e+00
-1.082549e-01, 6.731179e-02, 0.000000e+00
-1.082549e-01, 6.731179e-02, 0.000000e+00
-1.082549e-01, 6.731179e-02, 0.000000e+00
-1.082549e-01, 6.731179e-02, 0.000000e+00
-1.082549e-01, 6.731179e-02, 0.000000e+00
-1.082549e-01, 6.731179e-02, 0.000000e+00
-1.082549e-01, 6.731179e-02, 0.000000e+00
-1.088443e-01, 9.265085e-02, 0.000000e+00
-1.088443e-01, 9.265085e-02, 0.000000e+00
-1.088443e-01, 9.265085e-02, 0.000000e+00
-1.088443e-01, 9.265085e-02, 0.000000e+00
-1.088443e-01, 9.265085e-02, 0.000000e+00
-1.088443e-01, 9.265085e-02, 0.000000e+00
-1.088443e-01, 9.265085e-02, 0.000000e+00
-1.088443e-01, 9.265085e-02, 0.000000e+00
-1.088443e-01, 9.265085e-02, 0.000000e+00
-1.088443e-01, 9.265085e-02, 0.000000e+00
-1.088443e-01, 9.265085e-02, 0.000000e+00
-1.088443e-01, 9.265085e-02, 0.000000e+00
-1.088443e-01, 9.265085e-02, 0.000000e+00
-1.088443e-01, 9.265085e-02, 0.000000e+00
-1.088443e-01, 9.265085e-02, 0.000000e+00
-1.088443e-01, 9.265085e-02, 0.000000e+00
-1.088443e-01, 9.265085e-02, 0.000000e+00
-1.088443e-01, 9.265085e-02, 0.000000e+00
-1.088443e-01, 9.265085e-02, 0.000000e+00
-1.088443e-01, 9.265085e-02, 0.000000e+00
-9.558287e-02, 9.423454e-02, 0.000000e+00
-9.558287e-02, 9.423454e-02, 0.000000e+00
-9.558287e-02, 9.423454e-02, 0.000000e+00
-9.558287e-02, 9.423454e-02, 0.000000e+00
-9.558287e-02, 9.423454e-02, 0.000000e+00
-9.558287e-02, 9.423454e-02, 0.000000e+00
-9.558287e-02, 9.423454e-02, 0.000000e+00
-9.558287e-02, 9.423454e-02, 0.000000e+00
-9.558287e-02, 9.423454e-02, 0.000000e+00
-9.558287e-02, 9.423454e-02, 0.000000e+00
-9.558287e-02, 9.423454e-02, 0.000000e+00
-9.558287e-02, 9.423454e-02, 0.000000e+00
-9.558287e-02, 9.423454e-02, 0.000000e+00
-9.558287e-02, 9.423454e-02, 0.000000e+00
-9.558287e-02, 9.423454e-02, 0.000000e+00
-9.558287e-02, 9.423454e-02, 0.000000e+00
-9.558287e-02, 9.423454e-02, 0.000000e+00
-9.558287e-02, 9.423454e-02, 0.000000e+00
-9.558287e-02, 9.423454e-02, 0.000000e+00
-9.558287e-02, 9.423454e-02, 0.000000e+00
-9.558287e-02, 6.678389e-02, 0.000000e+00
-9.558287e-02, 6.678389e-02, 0.000000e+00
-9.558287e-02, 6.678389e-02, 0.000000e+00
-9.558287e-02, 6.678389e-02, 0.000000e+00
-9.558287e-02, 6.678389e-02, 0.000000e+00
-9.558287e-02, 6.678389e-02, 0.000000e+00
-9.558287e-02, 6.678389e-02, 0.000000e+00
-9.558287e-02, 6.678389e-02, 0.000000e+00
-9.558287e-02, 6.678389e-02, 0.000000e+00
-9.558287e-02, 6.678389e-02, 0.000000e+00
-9.558287e-02, 6.678389e-02, 0.000000e+00
-9.558287e-02, 6.678389e-02, 0.000000e+00
-9.558287e-02, 6.678389e-02, 0.000000e+00
-9.558287e-02, 6.678389e-02, 0.000000e+00
-9.558287e-02, 6.678389e-02, 0.000000e+00
-9.558287e-02, 6.678389e-02, 0.000000e+00
-9.558287e-02, 6.678389e-02, 0.000000e+00
-9.558287e-02, 6.678389e-02, 0.000000e+00
-9.558287e-02, 6.678389e-02, 0.000000e+00
-9.558287e-02, 6.678389e-02, 0.000000e+00
-9.617226e-02, 3.405426e-02, 0.000000e+00
-9.617226e-02, 3.405426e-02, 0.000000e+00
-9.617226e-02, 3.405426e-02, 0.000000e+00
-9.617226e-02, 3.405426e-02, 0.000000e+00
-9.617226e-02, 3.405426e-02, 0.000000e+00
-9.617226e-02, 3.405426e-02, 0.000000e+00
-9.617226e-02, 3.405426e-02, 0.000000e+00
-9.617226e-02, 3.405426e-02, 0.000000e+00
-9.617226e-02, 3.405426e-02, 0.000000e+00
-9.617226e-02, 3.405426e-02, 0.000000e+00
-9.617226e-02, 3.405426e-02, 0.000000e+00
-9.617226e-02, 3.405426e-02, 0.000000e+00
-9.617226e-02, 3.405426e-02, 0.000000e+00
-9.617226e-02, 3.405426e-02, 0.000000e+00
-9.617226e-02, 3.405426e-02, 0.000000e+00
-9.617226e-02, 3.405426e-02, 0.000000e+00
-9.617226e-02, 3.405426e-02, 0.000000e+00
-9.617226e-02, 3.405426e-02, 0.000000e+00
-9.617226e-02, 3.405426e-02, 0.000000e+00
-9.617226e-02, 3.405426e-02, 0.000000e+00
-8.143730e-02, 3.194267e-02, 0.000000e+00
-8.143730e-02, 3.194267e-02, 0.000000e+00
-8.143730e-02, 3.194267e-02, 0.000000e+00
-8.143730e-02, 3.194267e-02, 0.000000e+00
-8.143730e-02, 3.194267e-02, 0.000000e+00
-8.143730e-02, 3.194267e-02, 0.000000e+00
-8.143730e-02, 3.194267e-02, 0.000000e+00
-8.143730e-02, 3.194267e-02, 0.000000e+00
-8.143730e-02, 3.194267e-02, 0.000000e+00
-8.143730e-02, 3.194267e-02, 0.000000e+00
-8.143730e-02, 3.194267e-02, 0.000000e+00
-8.143730e-02, 3.194267e-02, 0.000000e+00
-8.143730e-02, 3.194267e-02, 0.000000e+00
-8.143730e-02, 3.194267e-02, 0.000000e+00
-8.143730e-02, 3.194267e-02, 0.000000e+00
-8.143730e-02, 3.194267e-02, 0.000000e+00
-8.143730e-02, 3.194267e-02, 0.000000e+00
-8.143730e-02, 3.194267e-02, 0.000000e+00
-8.143730e-02, 3.194267e-02, 0.000000e+00
-8.143730e-02, 3.194267e-02, 0.000000e+00
-6.463945e-02, 3.035898e-02, 0.000000e+00
-6.463945e-02, 3.035898e-02, 0.000000e+00
-6.463945e-02, 3.035898e-02, 0.000000e+00
-6.463945e-02, 3.035898e-02, 0.000000e+00
-6.463945e-02, 3.035898e-02, 0.000000e+00
-6.463945e-02, 3.035898e-02, 0.000000e+00
-6.463945e-02, 3.035898e-02, 0.000000e+00
-6.463945e-02, 3.035898e-02, 0.000000e+00
-6.463945e-02, 3.035898e-02, 0.000000e+00
-6.463945e-02, 3.035898e-02, 0.000000e+00
-6.463945e-02, 3.035898e-02, 0.000000e+00
-6.463945e-02, 3.035898e-02, 0.000000e+00
-6.463945e-02, 3.035898e-02, 0.000000e+00
-6.463945e-02, 3.035898e-02, 0.000000e+00
-6.463945e-02, 3.035898e-02, 0.000000e+00
-6.463945e-02, 3.035898e-02, 0.000000e+00
-6.463945e-02, 3.035898e-02, 0.000000e+00
-6.463945e-02, 3.035898e-02, 0.000000e+00
-6.463945e-02, 3.035898e-02, 0.000000e+00
-6.463945e-02, 3.035898e-02, 0.000000e+00
-5.108330e-02, 2.983108e-02, 0.000000e+00
-5.108330e-02, 2.983108e-02, 0.000000e+00
-5.108330e-02, 2.983108e-02, 0.000000e+00
-5.108330e-02, 2.983108e-02, 0.000000e+00
-5.108330e-02, 2.983108e-02, 0.000000e+00
-5.108330e-02, 2.983108e-02, 0.000000e+00
-5.108330e-02, 2.983108e-02, 0.000000e+00
-5.108330e-02, 2.983108e-02, 0.000000e+00
-5.108330e-02, 2.983108e-02, 0.000000e+00
-5.108330e-02, 2.983108e-02, 0.000000e+00
-5.108330e-02, 2.983108e-02, 0.000000e+00
-5.108330e-02, 2.983108e-02, 0.000000e+00
-5.108330e-02, 2.983108e-02, 0.000000e+00
-5.108330e-02, 2.983108e-02, 0.000000e+00
-5.108330e-02, 2.983108e-02, 0.000000e+00
-5.108330e-02, 2.983108e-02, 0.000000e+00
-5.108330e-02, 2.983108e-02, 0.000000e+00
-5.108330e-02, 2.983108e-02, 0.000000e+00
-5.108330e-02, 2.983108e-02, 0.000000e+00
-5.108330e-02, 2.983108e-02, 0.000000e+00
-4.990450e-02, 6.203281e-02, 0.000000e+00
-4.990450e-02, 6.203281e-02, 0.000000e+00
-4.990450e-02, 6.203281e-02, 0.000000e+00
-4.990450e-02, 6.203281e-02, 0.000000e+00
-4.990450e-02, 6.203281e-02, 0.000000e+00
-4.990450e-02, 6.203281e-02, 0.000000e+00
-4.990450e-02, 6.203281e-02, 0.000000e+00
-4.990450e-02, 6.203281e-02, 0.000000e+00
-4.990450e-02, 6.203281e-02, 0.000000e+00
-4.990450e-02, 6.203281e-02, 0.000000e+00
-4.990450e-02, 6.203281e-02, 0.000000e+00
-4.990450e-02, 6.203281e-02, 0.000000e+00
-4.990450e-02, 6.203281e-02, 0.000000e+00
-4.990450e-02, 6.203281e-02, 0.000000e+00
-4.990450e-02, 6.203281e-02, 0.000000e+00
-4.990450e-02, 6.203281e-02, 0.000000e+00
-4.990450e-02, 6.203281e-02, 0.000000e+00
-4.990450e-02, 6.203281e-02, 0.000000e+00
-4.990450e-02, 6.203281e-02, 0.000000e+00
-4.990450e-02, 6.203281e-02, 0.000000e+00
-5.078860e-02, 8.895557e-02, 0.000000e+00
-5.078860e-02, 8.895557e-02, 0.000000e+00
-5.078860e-02, 8.895557e-02, 0.000000e+00
-5.078860e-02, 8.895557e-02, 0.000000e+00
-5.078860e-02, 8.895557e-02, 0.000000e+00
-5.078860e-02, 8.895557e-02, 0.000000e+00
-5.078860e-02, 8.895557e-02, 0.000000e+00
-5.078860e-02, 8.895557e-02, 0.000000e+00
-5.078860e-02, 8.895557e-02, 0.000000e+00
-5.078860e-02, 8.895557e-02, 0.000000e+00
-5.078860e-02, 8.895557e-02, 0.000000e+00
-5.078860e-02, 8.895557e-02, 0.000000e+00
-5.078860e-02, 8.895557e-02, 0.000000e+00
-5.078860e-02, 8.895557e-02, 0.000000e+00
-5.078860e-02, 8.895557e-02, 0.000000e+00
-5.078860e-02, 8.895557e-02, 0.000000e+00
-5.078860e-02, 8.895557e-02, 0.000000e+00
-5.078860e-02, 8.895557e-02, 0.000000e+00
-5.078860e-02, 8.895557e-02, 0.000000e+00
-5.078860e-02, 8.895557e-02, 0.000000e+00
-6.169246e-02, 9.212296e-02, 0.000000e+00
-6.169246e-02, 9.212296e-02, 0.000000e+00
-6.169246e-02, 9.212296e-02, 0.000000e+00
-6.169246e-02, 9.212296e-02, 0.000000e+00
-6.169246e-02, 9.212296e-02, 0.000000e+00
-6.169246e-02, 9.212296e-02, 0.000000e+00
-6.169246e-02, 9.212296e-02, 0.000000e+00
-6.169246e-02, 9.212296e-02, 0.000000e+00
-6.169246e-02, 9.212296e-02, 0.000000e+00
-6.169246e-02, 9.212296e-02, 0.000000e+00
-6.169246e-02, 9.212296e-02, 0.000000e+00
-6.169246e-02, 9.212296e-02, 0.000000e+00
-6.169246e-02, 9.212296e-02, 0.000000e+00
-6.169246e-02, 9.212296e-02, 0.000000e+00
-6.169246e-02, 9.212296e-02, 0.000000e+00
-6.169246e-02, 9.212296e-02, 0.000000e+00
-6.169246e-02, 9.212296e-02, 0.000000e+00
-6.169246e-02, 9.212296e-02, 0.000000e+00
-6.169246e-02, 9.212296e-02, 0.000000e+00
-6.169246e-02, 9.212296e-02, 0.000000e+00
-7.966910e-02, 9.212296e-02, 0.000000e+00
-7.966910e-02, 9.212296e-02, 0.000000e+00
-7.966910e-02, 9.212296e-02, 0.000000e+00
-7.966910e-02, 9.212296e-02, 0.000000e+00
-7.966910e-02, 9.212296e-02, 0.000000e+00
-7.966910e-02, 9.212296e-02, 0.000000e+00
-7.966910e-02, 9.212296e-02, 0.000000e+00
-7.966910e-02, 9.212296e-02, 0.000000e+00
-7.966910e-02, 9.212296e-02, 0.000000e+00
-7.966910e-02, 9.212296e-02, 0.000000e+00
-7.966910e-02, 9.212296e-02, 0.000000e+00
-7.966910e-02, 9.212296e-02, 0.000000e+00
-7.966910e-02, 9.212296e-02, 0.000000e+00
-7.966910e-02, 9.212296e-02, 0.000000e+00
-7.966910e-02, 9.212296e-02, 0.000000e+00
-7.966910e-02, 9.212296e-02, 0.000000e+00
-7.966910e-02, 9.212296e-02, 0.000000e+00
-7.966910e-02, 9.212296e-02, 0.000000e+00
-7.966910e-02, 9.212296e-02, 0.000000e+00
-7.966910e-02, 9.212296e-02, 0.000000e+00
-8.084790e-02, 6.467230e-02, 0.000000e+00
-8.084790e-02, 6.467230e-02, 0.000000e+00
-8.084790e-02, 6.467230e-02, 0.000000e+00
-8.084790e-02, 6.467230e-02, 0.000000e+00
-8.084790e-02, 6.467230e-02, 0.000000e+00
-8.084790e-02, 6.467230e-02, 0.000000e+00
-8.084790e-02, 6.467230e-02, 0.000000e+00
-8.084790e-02, 6.467230e-02, 0.000000e+00
-8.084790e-02, 6.467230e-02, 0.000000e+00
-8.084790e-02, 6.467230e-02, 0.000000e+00
-8.084790e-02, 6.467230e-02, 0.000000e+00
-8.084790e-02, 6.467230e-02, 0.000000e+00
-8.084790e-02, 6.467230e-02, 0.000000e+00
-8.084790e-02, 6.467230e-02, 0.000000e+00
-8.084790e-02, 6.467230e-02, 0.000000e+00
-8.084790e-02, 6.467230e-02, 0.000000e+00
-8.084790e-02, 6.467230e-02, 0.000000e+00
-8.084790e-02, 6.467230e-02, 0.000000e+00
-8.084790e-02, 6.467230e-02, 0.000000e+00
-8.084790e-02, 6.467230e-02, 0.000000e+00
-6.434475e-02, 6.414440e-02, 0.000000e+00
-6.434475e-02, 6.414440e-02, 0.000000e+00
-6.434475e-02, 6.414440e-02, 0.000000e+00
-6.434475e-02, 6.414440e-02, 0.000000e+00
-6.434475e-02, 6.414440e-02, 0.000000e+00
-6.434475e-02, 6.414440e-02, 0.000000e+00
-6.434475e-02, 6.414440e-02, 0.000000e+00
-6.434475e-02, 6.414440e-02, 0.000000e+00
-6.434475e-02, 6.414440e-02, 0.000000e+00
-6.434475e-02, 6.414440e-02, 0.000000e+00
-6.434475e-02, 6.414440e-02, 0.000000e+00
-6.434475e-02, 6.414440e-02, 0.000000e+00
-6.434475e-02, 6.414440e-02, 0.000000e+00
-6.434475e-02, 6.414440e-02, 0.000000e+00
-6.434475e-02, 6.414440e-02, 0.000000e+00
-6.434475e-02, 6.414440e-02, 0.000000e+00
-6.434475e-02, 6.414440e-02, 0.000000e+00
-6.434475e-02, 6.414440e-02, 0.000000e+00
-6.434475e-02, 6.414440e-02, 0.000000e+00
-6.434475e-02, 6.414440e-02, 0.000000e+00
-6.463945e-02, 5.547809e-03, 0.000000e+00
-6.463945e-02, 5.547809e-03, 0.000000e+00
-6.463945e-02, 5.547809e-03, 0.000000e+00
-6.463945e-02, 5.547809e-03, 0.000000e+00
-6.463945e-02, 5.547809e-03, 0.000000e+00
-6.463945e-02, 5.547809e-03, 0.000000e+00
-6.463945e-02, 5.547809e-03, 0.000000e+00
-6.463945e-02, 5.547809e-03, 0.000000e+00
-6.463945e-02, 5.547809e-03, 0.000000e+00
-6.463945e-02, 5.547809e-03, 0.000000e+00
-6.463945e-02, 5.547809e-03, 0.000000e+00
-6.463945e-02, 5.547809e-03, 0.000000e+00
-6.463945e-02, 5.547809e-03, 0.000000e+00
-6.463945e-02, 5.547809e-03, 0.000000e+00
-6.463945e-02, 5.547809e-03, 0.000000e+00
-6.463945e-02, 5.547809e-03, 0.000000e+00
-6.463945e-02, 5.547809e-03, 0.000000e+00
-6.463945e-02, 5.547809e-03, 0.000000e+00
-6.463945e-02, 5.547809e-03, 0.000000e+00
-6.463945e-02, 5.547809e-03, 0.000000e+00
-6.640764e-02, -2.612603e-02, 0.000000e+00
-6.640764e-02, -2.612603e-02, 0.000000e+00
-6.640764e-02, -2.612603e-02, 0.000000e+00
-6.640764e-02, -2.612603e-02, 0.000000e+00
-6.640764e-02, -2.612603e-02, 0.000000e+00
-6.640764e-02, -2.612603e-02, 0.000000e+00
-6.640764e-02, -2.612603e-02, 0.000000e+00
-6.640764e-02, -2.612603e-02, 0.000000e+00
-6.640764e-02, -2.612603e-02, 0.000000e+00
-6.640764e-02, -2.612603e-02, 0.000000e+00
-6.640764e-02, -2.612603e-02, 0.000000e+00
-6.640764e-02, -2.612603e-02, 0.000000e+00
-6.640764e-02, -2.612603e-02, 0.000000e+00
-6.640764e-02, -2.612603e-02, 0.000000e+00
-6.640764e-02, -2.612603e-02, 0.000000e+00
-6.640764e-02, -2.612603e-02, 0.000000e+00
-6.640764e-02, -2.612603e-02, 0.000000e+00
-6.640764e-02, -2.612603e-02, 0.000000e+00
-6.640764e-02, -2.612603e-02, 0.000000e+00
-6.640764e-02, -2.612603e-02, 0.000000e+00
-5.196739e-02, 3.964117e-03, 0.000000e+00
-5.196739e-02, 3.964117e-03, 0.000000e+00
-5.196739e-02, 3.964117e-03, 0.000000e+00
-5.196739e-02, 3.964117e-03, 0.000000e+00
-5.196739e-02, 3.964117e-03, 0.000000e+00
-5.196739e-02, 3.964117e-03, 0.000000e+00
-5.196739e-02, 3.964117e-03, 0.000000e+00
-5.196739e-02, 3.964117e-03, 0.000000e+00
-5.196739e-02, 3.964117e-03, 0.000000e+00
-5.196739e-02, 3.964117e-03, 0.000000e+00
-5.196739e-02, 3.964117e-03, 0.000000e+00
-5.196739e-02, 3.964117e-03, 0.000000e+00
-5.196739e-02, 3.964117e-03, 0.000000e+00
-5.196739e-02, 3.964117e-03, 0.000000e+00
-5.196739e-02, 3.964117e-03, 0.000000e+00
-5.196739e-02, 3.964117e-03, 0.000000e+00
-5.196739e-02, 3.964117e-03, 0.000000e+00
-5.196739e-02, 3.964117e-03, 0.000000e+00
-5.196739e-02, 3.964117e-03, 0.000000e+00
-5.196739e-02, 3.964117e-03, 0.000000e+00
-5.255679e-02, -2.770972e-02, 0.000000e+00
-5.255679e-02, -2.770972e-02, 0.000000e+00
-5.255679e-02, -2.770972e-02, 0.000000e+00
-5.255679e-02, -2.770972e-02, 0.000000e+00
-5.255679e-02, -2.770972e-02, 0.000000e+00
-5.255679e-02, -2.770972e-02, 0.000000e+00
-5.255679e-02, -2.770972e-02, 0.000000e+00
-5.255679e-02, -2.770972e-02, 0.000000e+00
-5.255679e-02, -2.770972e-02, 0.000000e+00
-5.255679e-02, -2.770972e-02, 0.000000e+00
-5.255679e-02, -2.770972e-02, 0.000000e+00
-5.255679e-02, -2.770972e-02, 0.000000e+00
-5.255679e-02, -2.770972e-02, 0.000000e+00
-5.255679e-02, -2.770972e-02, 0.000000e+00
-5.255679e-02, -2.770972e-02, 0.000000e+00
-5.255679e-02, -2.770972e-02, 0.000000e+00
-5.255679e-02, -2.770972e-02, 0.000000e+00
-5.255679e-02, -2.770972e-02, 0.000000e+00
-5.255679e-02, -2.770972e-02, 0.000000e+00
-5.255679e-02, -2.770972e-02, 0.000000e+00
-8.379489e-02, -2.348654e-02, 0.000000e+00
-8.379489e-02, -2.348654e-02, 0.000000e+00
-8.379489e-02, -2.348654e-02, 0.000000e+00
-8.379489e-02, -2.348654e-02, 0.000000e+00
-8.379489e-02, -2.348654e-02, 0.000000e+00
-8.379489e-02, -2.348654e-02, 0.000000e+00
-8.379489e-02, -2.348654e-02, 0.000000e+00
-8.379489e-02, -2.348654e-02, 0.000000e+00
-8.379489e-02, -2.348654e-02, 0.000000e+00
-8.379489e-02, -2.348654e-02, 0.000000e+00
-8.379489e-02, -2.348654e-02, 0.000000e+00
-8.379489e-02, -2.348654e-02, 0.000000e+00
-8.379489e-02, -2.348654e-02, 0.000000e+00
-8.379489e-02, -2.348654e-02, 0.000000e+00
-8.379489e-02, -2.348654e-02, 0.000000e+00
-8.379489e-02, -2.348654e-02, 0.000000e+00
-8.379489e-02, -2.348654e-02, 0.000000e+00
-8.379489e-02, -2.348654e-02, 0.000000e+00
-8.379489e-02, -2.348654e-02, 0.000000e+00
-8.379489e-02, -2.348654e-02, 0.000000e+00
-9.941396e-02, -2.084705e-02, 0.000000e+00
-9.941396e-02, -2.084705e-02, 0.000000e+00
-9.941396e-02, -2.084705e-02, 0.000000e+00
-9.941396e-02, -2.084705e-02, 0.000000e+00
-9.941396e-02, -2.084705e-02, 0.000000e+00
-9.941396e-02, -2.084705e-02, 0.000000e+00
-9.941396e-02, -2.084705e-02, 0.000000e+00
-9.941396e-02, -2.084705e-02, 0.000000e+00
-9.941396e-02, -2.084705e-02, 0.000000e+00
-9.941396e-02, -2.084705e-02, 0.000000e+00
-9.941396e-02, -2.084705e-02, 0.000000e+00
-9.941396e-02, -2.084705e-02, 0.000000e+00
-9.941396e-02, -2.084705e-02, 0.000000e+00
-9.941396e-02, -2.084705e-02, 0.000000e+00
-9.941396e-02, -2.084705e-02, 0.000000e+00
-9.941396e-02, -2.084705e-02, 0.000000e+00
-9.941396e-02, -2.084705e-02, 0.000000e+00
-9.941396e-02, -2.084705e-02, 0.000000e+00
-9.941396e-02, -2.084705e-02, 0.000000e+00
-9.941396e-02, -2.084705e-02, 0.000000e+00
-8.320550e-02, 7.131501e-03, 0.000000e+00
-8.320550e-02, 7.131501e-03, 0.000000e+00
-8.320550e-02, 7.131501e-03, 0.000000e+00
-8.320550e-02, 7.131501e-03, 0.000000e+00
-8.320550e-02, 7.131501e-03, 0.000000e+00
-8.320550e-02, 7.131501e-03, 0.000000e+00
-8.320550e-02, 7.131501e-03, 0.000000e+00
-8.320550e-02, 7.131501e-03, 0.000000e+00
-8.320550e-02, 7.131501e-03, 0.000000e+00
-8.320550e-02, 7.131501e-03, 0.000000e+00
-8.320550e-02, 7.131501e-03, 0.000000e+00
-8.320550e-02, 7.131501e-03, 0.000000e+00
-8.320550e-02, 7.131501e-03, 0.000000e+00
-8.320550e-02, 7.131501e-03, 0.000000e+00
-8.320550e-02, 7.131501e-03, 0.000000e+00
-8.320550e-02, 7.131501e-03, 0.000000e+00
-8.320550e-02, 7.131501e-03, 0.000000e+00
-8.320550e-02, 7.131501e-03, 0.000000e+00
-8.320550e-02, 7.131501e-03, 0.000000e+00
-8.320550e-02, 7.131501e-03, 0.000000e+00
-9.587757e-02, 8.187295e-03, 0.000000e+00
-9.587757e-02, 8.187295e-03, 0.000000e+00
-9.587757e-02, 8.187295e-03, 0.000000e+00
-9.587757e-02, 8.187295e-03, 0.000000e+00
-9.587757e-02, 8.187295e-03, 0.000000e+00
-9.587757e-02, 8.187295e-03, 0.000000e+00
-9.587757e-02, 8.187295e-03, 0.000000e+00
-9.587757e-02, 8.187295e-03, 0.000000e+00
-9.587757e-02, 8.187295e-03, 0.000000e+00
-9.587757e-02, 8.187295e-03, 0.000000e+00
-9.587757e-02, 8.187295e-03, 0.000000e+00
-9.587757e-02, 8.187295e-03, 0.000000e+00
-9.587757e-02, 8.187295e-03, 0.000000e+00
-9.587757e-02, 8.187295e-03, 0.000000e+00
-9.587757e-02, 8.187295e-03, 0.000000e+00
-9.587757e-02, 8.187295e-03, 0.000000e+00
-9.587757e-02, 8.187295e-03, 0.000000e+00
-9.587757e-02, 8.187295e-03, 0.000000e+00
-9.587757e-02, 8.187295e-03, 0.000000e+00
-9.587757e-02, 8.187295e-03, 0.000000e+00
-4.047414e-02, -2.982131e-02, 0.000000e+00
-4.047414e-02, -2.982131e-02, 0.000000e+00
-4.047414e-02, -2.982131e-02, 0.000000e+00
-4.047414e-02, -2.982131e-02, 0.000000e+00
-4.047414e-02, -2.982131e-02, 0.000000e+00
-4.047414e-02, -2.982131e-02, 0.000000e+00
-4.047414e-02, -2.982131e-02, 0.000000e+00
-4.047414e-02, -2.982131e-02, 0.000000e+00
-4.047414e-02, -2.982131e-02, 0.000000e+00
-4.047414e-02, -2.982131e-02, 0.000000e+00
-4.047414e-02, -2.982131e-02, 0.000000e+00
-4.047414e-02, -2.982131e-02, 0.000000e+00
-4.047414e-02, -2.982131e-02, 0.000000e+00
-4.047414e-02, -2.982131e-02, 0.000000e+00
-4.047414e-02, -2.982131e-02, 0.000000e+00
-4.047414e-02, -2.982131e-02, 0.000000e+00
-4.047414e-02, -2.982131e-02, 0.000000e+00
-4.047414e-02, -2.982131e-02, 0.000000e+00
-4.047414e-02, -2.982131e-02, 0.000000e+00
-4.047414e-02, -2.982131e-02, 0.000000e+00
-3.782185e-02, 1.852528e-03, 0.000000e+00
-3.782185e-02, 1.852528e-03, 0.000000e+00
-3.782185e-02, 1.852528e-03, 0.000000e+00
-3.782185e-02, 1.852528e-03, 0.000000e+00
-3.782185e-02, 1.852528e-03, 0.000000e+00
-3.782185e-02, 1.852528e-03, 0.000000e+00
-3.782185e-02, 1.852528e-03, 0.000000e+00
-3.782185e-02, 1.852528e-03, 0.000000e+00
-3.782185e-02, 1.852528e-03, 0.000000e+00
-3.782185e-02, 1.852528e-03, 0.000000e+00
-3.782185e-02, 1.852528e-03, 0.000000e+00
-3.782185e-02, 1.852528e-03, 0.000000e+00
-3.782185e-02, 1.852528e-03, 0.000000e+00
-3.782185e-02, 1.852528e-03, 0.000000e+00
-3.782185e-02, 1.852528e-03, 0.000000e+00
-3.782185e-02, 1.852528e-03, 0.000000e+00
-3.782185e-02, 1.852528e-03, 0.000000e+00
-3.782185e-02, 1.852528e-03, 0.000000e+00
-3.782185e-02, 1.852528e-03, 0.000000e+00
-3.782185e-02, 1.852528e-03, 0.000000e+00
-3.811654e-02, 2.877529e-02, 0.000000e+00
-3.811654e-02, 2.877529e-02, 0.000000e+00
-3.811654e-02, 2.877529e-02, 0.000000e+00
-3.811654e-02, 2.877529e-02, 0.000000e+00
-3.811654e-02, 2.877529e-02, 0.000000e+00
-3.811654e-02, 2.877529e-02, 0.000000e+00
-3.811654e-02, 2.877529e-02, 0.000000e+00
-3.811654e-02, 2.877529e-02, 0.000000e+00
-3.811654e-02, 2.877529e-02, 0.000000e+00
-3.811654e-02, 2.877529e-02, 0.000000e+00
-3.811654e-02, 2.877529e-02, 0.000000e+00
-3.811654e-02, 2.877529e-02, 0.000000e+00
-3.811654e-02, 2.877529e-02, 0.000000e+00
-3.811654e-02, 2.877529e-02, 0.000000e+00
-3.811654e-02, 2.877529e-02, 0.000000e+00
-3.811654e-02, 2.877529e-02, 0.000000e+00
-3.811654e-02, 2.877529e-02, 0.000000e+00
-3.811654e-02, 2.877529e-02, 0.000000e+00
-3.811654e-02, 2.877529e-02, 0.000000e+00
-3.811654e-02, 2.877529e-02, 0.000000e+00
-1.513005e-02, 2.508001e-02, 0.000000e+00
-1.513005e-02, 2.508001e-02, 0.000000e+00
-1.513005e-02, 2.508001e-02, 0.000000e+00
-1.513005e-02, 2.508001e-02, 0.000000e+00
-1.513005e-02, 2.508001e-02, 0.000000e+00
-1.513005e-02, 2.508001e-02, 0.000000e+00
-1.513005e-02, 2.508001e-02, 0.000000e+00
-1.513005e-02, 2.508001e-02, 0.000000e+00
-1.513005e-02, 2.508001e-02, 0.000000e+00
-1.513005e-02, 2.508001e-02, 0.000000e+00
-1.513005e-02, 2.508001e-02, 0.000000e+00
-1.513005e-02, 2.508001e-02, 0.000000e+00
-1.513005e-02, 2.508001e-02, 0.000000e+00
-1.513005e-02, 2.508001e-02, 0.000000e+00
-1.513005e-02, 2.508001e-02, 0.000000e+00
-1.513005e-02, 2.508001e-02, 0.000000e+00
-1.513005e-02, 2.508001e-02, 0.000000e+00
-1.513005e-02, 2.508001e-02, 0.000000e+00
-1.513005e-02, 2.508001e-02, 0.000000e+00
-1.513005e-02, 2.508001e-02, 0.000000e+00
1.373072e-03, 2.402421e-02, 0.000000e+00
1.373072e-03, 2.402421e-02, 0.000000e+00
1.373072e-03, 2.402421e-02, 0.000000e+00
1.373072e-03, 2.402421e-02, 0.000000e+00
1.373072e-03, 2.402421e-02, 0.000000e+00
1.373072e-03, 2.402421e-02, 0.000000e+00
1.373072e-03, 2.402421e-02, 0.000000e+00
1.373072e-03, 2.402421e-02, 0.000000e+00
1.373072e-03, 2.402421e-02, 0.000000e+00
1.373072e-03, 2.402421e-02, 0.000000e+00
1.373072e-03, 2.402421e-02, 0.000000e+00
1.373072e-03, 2.402421e-02, 0.000000e+00
1.373072e-03, 2.402421e-02, 0.000000e+00
1.373072e-03, 2.402421e-02, 0.000000e+00
1.373072e-03, 2.402421e-02, 0.000000e+00
1.373072e-03, 2.402421e-02, 0.000000e+00
1.373072e-03, 2.402421e-02, 0.000000e+00
1.373072e-03, 2.402421e-02, 0.000000e+00
1.373072e-03, 2.402421e-02, 0.000000e+00
1.373072e-03, 2.402421e-02, 0.000000e+00
1.316101e-02, 2.296842e-02, 0.000000e+00
1.316101e-02, 2.296842e-02, 0.000000e+00
1.316101e-02, 2.296842e-02, 0.000000e+00
1.316101e-02, 2.296842e-02, 0.000000e+00
1.316101e-02, 2.296842e-02, 0.000000e+00
1.316101e-02, 2.296842e-02, 0.000000e+00
1.316101e-02, 2.296842e-02, 0.000000e+00
1.316101e-02, 2.296842e-02, 0.000000e+00
1.316101e-02, 2.296842e-02, 0.000000e+00
1.316101e-02, 2.296842e-02, 0.000000e+00
1.316101e-02, 2.296842e-02, 0.000000e+00
1.316101e-02, 2.296842e-02, 0.000000e+00
1.316101e-02, 2.296842e-02, 0.000000e+00
1.316101e-02, 2.296842e-02, 0.000000e+00
1.316101e-02, 2.296842e-02, 0.000000e+00
1.316101e-02, 2.296842e-02, 0.000000e+00
1.316101e-02, 2.296842e-02, 0.000000e+00
1.316101e-02, 2.296842e-02, 0.000000e+00
1.316101e-02, 2.296842e-02, 0.000000e+00
1.316101e-02, 2.296842e-02, 0.000000e+00
1.227691e-02, -1.842752e-03, 0.000000e+00
1.227691e-02, -1.842752e-03, 0.000000e+00
1.227691e-02, -1.842752e-03, 0.000000e+00
1.227691e-02, -1.842752e-03, 0.000000e+00
1.227691e-02, -1.842752e-03, 0.000000e+00
1.227691e-02, -1.842752e-03, 0.000000e+00
1.227691e-02, -1.842752e-03, 0.000000e+00
1.227691e-02, -1.842752e-03, 0.000000e+00
1.227691e-02, -1.842752e-03, 0.000000e+00
1.227691e-02, -1.842752e-03, 0.000000e+00
1.227691e-02, -1.842752e-03, 0.000000e+00
1.227691e-02, -1.842752e-03, 0.000000e+00
1.227691e-02, -1.842752e-03, 0.000000e+00
1.227691e-02, -1.842752e-03, 0.000000e+00
1.227691e-02, -1.842752e-03, 0.000000e+00
1.227691e-02, -1.842752e-03, 0.000000e+00
1.227691e-02, -1.842752e-03, 0.000000e+00
1.227691e-02, -1.842752e-03, 0.000000e+00
1.227691e-02, -1.842752e-03, 0.000000e+00
1.227691e-02, -1.842752e-03, 0.000000e+00
1.198221e-02, -3.457238e-02, 0.000000e+00
1.198221e-02, -3.457238e-02, 0.000000e+00
1.198221e-02, -3.457238e-02, 0.000000e+00
1.198221e-02, -3.457238e-02, 0.000000e+00
1.198221e-02, -3.457238e-02, 0.000000e+00
1.198221e-02, -3.457238e-02, 0.000000e+00
1.198221e-02, -3.457238e-02, 0.000000e+00
1.198221e-02, -3.457238e-02, 0.000000e+00
1.198221e-02, -3.457238e-02, 0.000000e+00
1.198221e-02, -3.457238e-02, 0.000000e+00
1.198221e-02, -3.457238e-02, 0.000000e+00
1.198221e-02, -3.457238e-02, 0.000000e+00
1.198221e-02, -3.457238e-02, 0.000000e+00
1.198221e-02, -3.457238e-02, 0.000000e+00
1.198221e-02, -3.457238e-02, 0.000000e+00
1.198221e-02, -3.457238e-02, 0.000000e+00
1.198221e-02, -3.457238e-02, 0.000000e+00
1.198221e-02, -3.457238e-02, 0.000000e+00
1.198221e-02, -3.457238e-02, 0.000000e+00
1.198221e-02, -3.457238e-02, 0.000000e+00
-1.868611e-03, -3.246079e-02, 0.000000e+00
-1.868611e-03, -3.246079e-02, 0.000000e+00
-1.868611e-03, -3.246079e-02, 0.000000e+00
-1.868611e-03, -3.246079e-02, 0.000000e+00
-1.868611e-03, -3.246079e-02, 0.000000e+00
-1.868611e-03, -3.246079e-02, 0.000000e+00
-1.868611e-03, -3.246079e-02, 0.000000e+00
-1.868611e-03, -3.246079e-02, 0.000000e+00
-1.868611e-03, -3.246079e-02, 0.000000e+00
-1.868611e-03, -3.246079e-02, 0.000000e+00
-1.868611e-03, -3.246079e-02, 0.000000e+00
-1.868611e-03, -3.246079e-02, 0.000000e+00
-1.868611e-03, -3.246079e-02, 0.000000e+00
-1.868611e-03, -3.246079e-02, 0.000000e+00
-1.868611e-03, -3.246079e-02, 0.000000e+00
-1.868611e-03, -3.246079e-02, 0.000000e+00
-1.868611e-03, -3.246079e-02, 0.000000e+00
-1.868611e-03, -3.246079e-02, 0.000000e+00
-1.868611e-03, -3.246079e-02, 0.000000e+00
-1.868611e-03, -3.246079e-02, 0.000000e+00
-1.542474e-02, -3.034920e-02, 0.000000e+00
-1.542474e-02, -3.034920e-02, 0.000000e+00
-1.542474e-02, -3.034920e-02, 0.000000e+00
-1.542474e-02, -3.034920e-02, 0.000000e+00
-1.542474e-02, -3.034920e-02, 0.000000e+00
-1.542474e-02, -3.034920e-02, 0.000000e+00
-1.542474e-02, -3.034920e-02, 0.000000e+00
-1.542474e-02, -3.034920e-02, 0.000000e+00
-1.542474e-02, -3.034920e-02, 0.000000e+00
-1.542474e-02, -3.034920e-02, 0.000000e+00
-1.542474e-02, -3.034920e-02, 0.000000e+00
-1.542474e-02, -3.034920e-02, 0.000000e+00
-1.542474e-02, -3.034920e-02, 0.000000e+00
-1.542474e-02, -3.034920e-02, 0.000000e+00
-1.542474e-02, -3.034920e-02, 0.000000e+00
-1.542474e-02, -3.034920e-02, 0.000000e+00
-1.542474e-02, -3.034920e-02, 0.000000e+00
-1.542474e-02, -3.034920e-02, 0.000000e+00
-1.542474e-02, -3.034920e-02, 0.000000e+00
-1.542474e-02, -3.034920e-02, 0.000000e+00
-1.483535e-02, -2.590607e-04, 0.000000e+00
-1.483535e-02, -2.590607e-04, 0.000000e+00
-1.483535e-02, -2.590607e-04, 0.000000e+00
-1.483535e-02, -2.590607e-04, 0.000000e+00
-1.483535e-02, -2.590607e-04, 0.000000e+00
-1.483535e-02, -2.590607e-04, 0.000000e+00
-1.483535e-02, -2.590607e-04, 0.000000e+00
-1.483535e-02, -2.590607e-04, 0.000000e+00
-1.483535e-02, -2.590607e-04, 0.000000e+00
-1.483535e-02, -2.590607e-04, 0.000000e+00
-1.483535e-02, -2.590607e-04, 0.000000e+00
-1.483535e-02, -2.590607e-04, 0.000000e+00
-1.483535e-02, -2.590607e-04, 0.000000e+00
-1.483535e-02, -2.590607e-04, 0.000000e+00
-1.483535e-02, -2.590607e-04, 0.000000e+00
-1.483535e-02, -2.590607e-04, 0.000000e+00
-1.483535e-02, -2.590607e-04, 0.000000e+00
-1.483535e-02, -2.590607e-04, 0.000000e+00
-1.483535e-02, -2.590607e-04, 0.000000e+00
-1.483535e-02, -2.590607e-04, 0.000000e+00
4.889771e-04, -1.314855e-03, 0.000000e+00
4.889771e-04, -1.314855e-03, 0.000000e+00
4.889771e-04, -1.314855e-03, 0.000000e+00
4.889771e-04, -1.314855e-03, 0.000000e+00
4.889771e-04, -1.314855e-03, 0.000000e+00
4.889771e-04, -1.314855e-03, 0.000000e+00
4.889771e-04, -1.314855e-03, 0.000000e+00
4.889771e-04, -1.314855e-03, 0.000000e+00
4.889771e-04, -1.314855e-03, 0.000000e+00
4.889771e-04, -1.314855e-03, 0.000000e+00
4.889771e-04, -1.314855e-03, 0.000000e+00
4.889771e-04, -1.314855e-03, 0.000000e+00
4.889771e-04, -1.314855e-03, 0.000000e+00
4.889771e-04, -1.314855e-03, 0.000000e+00
4.889771e-04, -1.314855e-03, 0.000000e+00
4.889771e-04, -1.314855e-03, 0.000000e+00
4.889771e-04, -1.314855e-03, 0.000000e+00
4.889771e-04, -1.314855e-03, 0.000000e+00
4.889771e-04, -1.314855e-03, 0.000000e+00
4.889771e-04, -1.314855e-03, 0.000000e+00
-2.868618e-02, -2.718182e-02, 0.000000e+00
-2.868618e-02, -2.718182e-02, 0.000000e+00
-2.868618e-02, -2.718182e-02, 0.000000e+00
-2.868618e-02, -2.718182e-02, 0.000000e+00
-2.868618e-02, -2.718182e-02, 0.000000e+00
-2.868618e-02, -2.718182e-02, 0.000000e+00
-2.868618e-02, -2.718182e-02, 0.000000e+00
-2.868618e-02, -2.718182e-02, 0.000000e+00
-2.868618e-02, -2.718182e-02, 0.000000e+00
-2.868618e-02, -2.718182e-02, 0.000000e+00
-2.868618e-02, -2.718182e-02, 0.000000e+00
-2.868618e-02, -2.718182e-02, 0.000000e+00
-2.868618e-02, -2.718182e-02, 0.000000e+00
-2.868618e-02, -2.718182e-02, 0.000000e+00
-2.868618e-02, -2.718182e-02, 0.000000e+00
-2.868618e-02, -2.718182e-02, 0.000000e+00
-2.868618e-02, -2.718182e-02, 0.000000e+00
-2.868618e-02, -2.718182e-02, 0.000000e+00
-2.868618e-02, -2.718182e-02, 0.000000e+00
-2.868618e-02, -2.718182e-02, 0.000000e+00
-3.811654e-02, 6.097702e-02, 0.000000e+00
-3.811654e-02, 6.097702e-02, 0.000000e+00
-3.811654e-02, 6.097702e-02, 0.000000e+00
-3.811654e-02, 6.097702e-02, 0.000000e+00
-3.811654e-02, 6.097702e-02, 0.000000e+00
-3.811654e-02, 6.097702e-02, 0.000000e+00
-3.811654e-02, 6.097702e-02, 0.000000e+00
-3.811654e-02, 6.097702e-02, 0.000000e+00
-3.811654e-02, 6.097702e-02, 0.000000e+00
-3.811654e-02, 6.097702e-02, 0.000000e+00
-3.811654e-02, 6.097702e-02, 0.000000e+00
-3.811654e-02, 6.097702e-02, 0.000000e+00
-3.811654e-02, 6.097702e-02, 0.000000e+00
-3.811654e-02, 6.097702e-02, 0.000000e+00
-3.811654e-02, 6.097702e-02, 0.000000e+00
-3.811654e-02, 6.097702e-02, 0.000000e+00
-3.811654e-02, 6.097702e-02, 0.000000e+00
-3.811654e-02, 6.097702e-02, 0.000000e+00
-3.811654e-02, 6.097702e-02, 0.000000e+00
-3.811654e-02, 6.097702e-02, 0.000000e+00
-3.959004e-02, 8.631609e-02, 0.000000e+00
-3.959004e-02, 8.631609e-02, 0.000000e+00
-3.959004e-02, 8.631609e-02, 0.000000e+00
-3.959004e-02, 8.631609e-02, 0.000000e+00
-3.959004e-02, 8.631609e-02, 0.000000e+00
-3.959004e-02, 8.631609e-02, 0.000000e+00
-3.959004e-02, 8.631609e-02, 0.000000e+00
-3.959004e-02, 8.631609e-02, 0.000000e+00
-3.959004e-02, 8.631609e-02, 0.000000e+00
-3.959004e-02, 8.631609e-02, 0.000000e+00
-3.959004e-02, 8.631609e-02, 0.000000e+00
-3.959004e-02, 8.631609e-02, 0.000000e+00
-3.959004e-02, 8.631609e-02, 0.000000e+00
-3.959004e-02, 8.631609e-02, 0.000000e+00
-3.959004e-02, 8.631609e-02, 0.000000e+00
-3.959004e-02, 8.631609e-02, 0.000000e+00
-3.959004e-02, 8.631609e-02, 0.000000e+00
-3.959004e-02, 8.631609e-02, 0.000000e+00
-3.959004e-02, 8.631609e-02, 0.000000e+00
-3.959004e-02, 8.631609e-02, 0.000000e+00
-1.277246e-02, 8.473239e-02, 0.000000e+00
-1.277246e-02, 8.473239e-02, 0.000000e+00
-1.277246e-02, 8.473239e-02, 0.000000e+00
-1.277246e-02, 8.473239e-02, 0.000000e+00
-1.277246e-02, 8.473239e-02, 0.000000e+00
-1.277246e-02, 8.473239e-02, 0.000000e+00
-1.277246e-02, 8.473239e-02, 0.000000e+00
-1.277246e-02, 8.473239e-02, 0.000000e+00
-1.277246e-02, 8.473239e-02, 0.000000e+00
-1.277246e-02, 8.473239e-02, 0.000000e+00
-1.277246e-02, 8.473239e-02, 0.000000e+00
-1.277246e-02, 8.473239e-02, 0.000000e+00
-1.277246e-02, 8.473239e-02, 0.000000e+00
-1.277246e-02, 8.473239e-02, 0.000000e+00
-1.277246e-02, 8.473239e-02, 0.000000e+00
-1.277246e-02, 8.473239e-02, 0.000000e+00
-1.277246e-02, 8.473239e-02, 0.000000e+00
-1.277246e-02, 8.473239e-02, 0.000000e+00
-1.277246e-02, 8.473239e-02, 0.000000e+00
-1.277246e-02, 8.473239e-02, 0.000000e+00
1.667771e-03, 8.473239e-02, 0.000000e+00
1.667771e-03, 8.473239e-02, 0.000000e+00
1.667771e-03, 8.473239e-02, 0.000000e+00
1.667771e-03, 8.473239e-02, 0.000000e+00
1.667771e-03, 8.473239e-02, 0.000000e+00
1.667771e-03, 8.473239e-02, 0.000000e+00
1.667771e-03, 8.473239e-02, 0.000000e+00
1.667771e-03, 8.473239e-02, 0.000000e+00
1.667771e-03, 8.473239e-02, 0.000000e+00
1.667771e-03, 8.473239e-02, 0.000000e+00
1.667771e-03, 8.473239e-02, 0.000000e+00
1.667771e-03, 8.473239e-02, 0.000000e+00
1.667771e-03, 8.473239e-02, 0.000000e+00
1.667771e-03, 8.473239e-02, 0.000000e+00
1.667771e-03, 8.473239e-02, 0.000000e+00
1.667771e-03, 8.473239e-02, 0.000000e+00
1.667771e-03, 8.473239e-02, 0.000000e+00
1.667771e-03, 8.473239e-02, 0.000000e+00
1.667771e-03, 8.473239e-02, 0.000000e+00
1.667771e-03, 8.473239e-02, 0.000000e+00
1.610799e-02, 8.314870e-02, 0.000000e+00
1.610799e-02, 8.314870e-02, 0.000000e+00
1.610799e-02, 8.314870e-02, 0.000000e+00
1.610799e-02, 8.314870e-02, 0.000000e+00
1.610799e-02, 8.314870e-02, 0.000000e+00
1.610799e-02, 8.314870e-02, 0.000000e+00
1.610799e-02, 8.314870e-02, 0.000000e+00
1.610799e-02, 8.314870e-02, 0.000000e+00
1.610799e-02, 8.314870e-02, 0.000000e+00
1.610799e-02, 8.314870e-02, 0.000000e+00
1.610799e-02, 8.314870e-02, 0.000000e+00
1.610799e-02, 8.314870e-02, 0.000000e+00
1.610799e-02, 8.314870e-02, 0.000000e+00
1.610799e-02, 8.314870e-02, 0.000000e+00
1.610799e-02, 8.314870e-02, 0.000000e+00
1.610799e-02, 8.314870e-02, 0.000000e+00
1.610799e-02, 8.314870e-02, 0.000000e+00
1.610799e-02, 8.314870e-02, 0.000000e+00
1.610799e-02, 8.314870e-02, 0.000000e+00
1.610799e-02, 8.314870e-02, 0.000000e+00
1.492920e-02, 5.517015e-02, 0.000000e+00
1.492920e-02, 5.517015e-02, 0.000000e+00
1.492920e-02, 5.517015e-02, 0.000000e+00
1.492920e-02, 5.517015e-02, 0.000000e+00
1.492920e-02, 5.517015e-02, 0.000000e+00
1.492920e-02, 5.517015e-02, 0.000000e+00
1.492920e-02, 5.517015e-02, 0.000000e+00
1.492920e-02, 5.517015e-02, 0.000000e+00
1.492920e-02, 5.517015e-02, 0.000000e+00
1.492920e-02, 5.517015e-02, 0.000000e+00
1.492920e-02, 5.517015e-02, 0.000000e+00
1.492920e-02, 5.517015e-02, 0.000000e+00
1.492920e-02, 5.517015e-02, 0.000000e+00
1.492920e-02, 5.517015e-02, 0.000000e+00
1.492920e-02, 5.517015e-02, 0.000000e+00
1.492920e-02, 5.517015e-02, 0.000000e+00
1.492920e-02, 5.517015e-02, 0.000000e+00
1.492920e-02, 5.517015e-02, 0.000000e+00
1.492920e-02, 5.517015e-02, 0.000000e+00
1.492920e-02, 5.517015e-02, 0.000000e+00
1.962469e-03, 5.622594e-02, 0.000000e+00
1.962469e-03, 5.622594e-02, 0.000000e+00
1.962469e-03, 5.622594e-02, 0.000000e+00
1.962469e-03, 5.622594e-02, 0.000000e+00
1.962469e-03, 5.622594e-02, 0.000000e+00
1.962469e-03, 5.622594e-02, 0.000000e+00
1.962469e-03, 5.622594e-02, 0.000000e+00
1.962469e-03, 5.622594e-02, 0.000000e+00
1.962469e-03, 5.622594e-02, 0.000000e+00
1.962469e-03, 5.622594e-02, 0.000000e+00
1.962469e-03, 5.622594e-02, 0.000000e+00
1.962469e-03, 5.622594e-02, 0.000000e+00
1.962469e-03, 5.622594e-02, 0.000000e+00
1.962469e-03, 5.622594e-02, 0.000000e+00
1.962469e-03, 5.622594e-02, 0.000000e+00
1.962469e-03, 5.622594e-02, 0.000000e+00
1.962469e-03, 5.622594e-02, 0.000000e+00
1.962469e-03, 5.622594e-02, 0.000000e+00
1.962469e-03, 5.622594e-02, 0.000000e+00
1.962469e-03, 5.622594e-02, 0.000000e+00
-1.336185e-02, 5.728174e-02, 0.000000e+00
-1.336185e-02, 5.728174e-02, 0.000000e+00
-1.336185e-02, 5.728174e-02, 0.000000e+00
-1.336185e-02, 5.728174e-02, 0.000000e+00
-1.336185e-02, 5.728174e-02, 0.000000e+00
-1.336185e-02, 5.728174e-02, 0.000000e+00
-1.336185e-02, 5.728174e-02, 0.000000e+00
-1.336185e-02, 5.728174e-02, 0.000000e+00
-1.336185e-02, 5.728174e-02, 0.000000e+00
-1.336185e-02, 5.728174e-02, 0.000000e+00
-1.336185e-02, 5.728174e-02, 0.000000e+00
-1.336185e-02, 5.728174e-02, 0.000000e+00
-1.336185e-02, 5.728174e-02, 0.000000e+00
-1.336185e-02, 5.728174e-02, 0.000000e+00
-1.336185e-02, 5.728174e-02, 0.000000e+00
-1.336185e-02, 5.728174e-02, 0.000000e+00
-1.336185e-02, 5.728174e-02, 0.000000e+00
-1.336185e-02, 5.728174e-02, 0.000000e+00
-1.336185e-02, 5.728174e-02, 0.000000e+00
-1.336185e-02, 5.728174e-02, 0.000000e+00
2.553834e-02, -3.562818e-02, 0.000000e+00
2.553834e-02, -3.562818e-02, 0.000000e+00
2.553834e-02, -3.562818e-02, 0.000000e+00
2.553834e-02, -3.562818e-02, 0.000000e+00
2.553834e-02, -3.562818e-02, 0.000000e+00
2.553834e-02, -3.562818e-02, 0.000000e+00
2.553834e-02, -3.562818e-02, 0.000000e+00
2.553834e-02, -3.562818e-02, 0.000000e+00
2.553834e-02, -3.562818e-02, 0.000000e+00
2.553834e-02, -3.562818e-02, 0.000000e+00
2.553834e-02, -3.562818e-02, 0.000000e+00
2.553834e-02, -3.562818e-02, 0.000000e+00
2.553834e-02, -3.562818e-02, 0.000000e+00
2.553834e-02, -3.562818e-02, 0.000000e+00
2.553834e-02, -3.562818e-02, 0.000000e+00
2.553834e-02, -3.562818e-02, 0.000000e+00
2.553834e-02, -3.562818e-02, 0.000000e+00
2.553834e-02, -3.562818e-02, 0.000000e+00
2.553834e-02, -3.562818e-02, 0.000000e+00
2.553834e-02, -3.562818e-02, 0.000000e+00
2.819062e-02, -2.370650e-03, 0.000000e+00
2.819062e-02, -2.370650e-03, 0.000000e+00
2.819062e-02, -2.370650e-03, 0.000000e+00
2.819062e-02, -2.370650e-03, 0.000000e+00
2.819062e-02, -2.370650e-03, 0.000000e+00
2.819062e-02, -2.370650e-03, 0.000000e+00
2.819062e-02, -2.370650e-03, 0.000000e+00
2.819062e-02, -2.370650e-03, 0.000000e+00
2.819062e-02, -2.370650e-03, 0.000000e+00
2.819062e-02, -2.370650e-03, 0.000000e+00
2.819062e-02, -2.370650e-03, 0.000000e+00
2.819062e-02, -2.370650e-03, 0.000000e+00
2.819062e-02, -2.370650e-03, 0.000000e+00
2.819062e-02, -2.370650e-03, 0.000000e+00
2.819062e-02, -2.370650e-03, 0.000000e+00
2.819062e-02, -2.370650e-03, 0.000000e+00
2.819062e-02, -2.370650e-03, 0.000000e+00
2.819062e-02, -2.370650e-03, 0.000000e+00
2.819062e-02, -2.370650e-03, 0.000000e+00
2.819062e-02, -2.370650e-03, 0.000000e+00
2.878002e-02, 2.191262e-02, 0.000000e+00
2.878002e-02, 2.191262e-02, 0.000000e+00
2.878002e-02, 2.191262e-02, 0.000000e+00
2.878002e-02, 2.191262e-02, 0.000000e+00
2.878002e-02, 2.191262e-02, 0.000000e+00
2.878002e-02, 2.191262e-02, 0.000000e+00
2.878002e-02, 2.191262e-02, 0.000000e+00
2.878002e-02, 2.191262e-02, 0.000000e+00
2.878002e-02, 2.191262e-02, 0.000000e+00
2.878002e-02, 2.191262e-02, 0.000000e+00
2.878002e-02, 2.191262e-02, 0.000000e+00
2.878002e-02, 2.191262e-02, 0.000000e+00
2.878002e-02, 2.191262e-02, 0.000000e+00
2.878002e-02, 2.191262e-02, 0.000000e+00
2.878002e-02, 2.191262e-02, 0.000000e+00
2.878002e-02, 2.191262e-02, 0.000000e+00
2.878002e-02, 2.191262e-02, 0.000000e+00
2.878002e-02, 2.191262e-02, 0.000000e+00
2.878002e-02, 2.191262e-02, 0.000000e+00
2.878002e-02, 2.191262e-02, 0.000000e+00
3.054821e-02, 5.464225e-02, 0.000000e+00
3.054821e-02, 5.464225e-02, 0.000000e+00
3.054821e-02, 5.464225e-02, 0.000000e+00
3.054821e-02, 5.464225e-02, 0.000000e+00
3.054821e-02, 5.464225e-02, 0.000000e+00
3.054821e-02, 5.464225e-02, 0.000000e+00
3.054821e-02, 5.464225e-02, 0.000000e+00
3.054821e-02, 5.464225e-02, 0.000000e+00
3.054821e-02, 5.464225e-02, 0.000000e+00
3.054821e-02, 5.464225e-02, 0.000000e+00
3.054821e-02, 5.464225e-02, 0.000000e+00
3.054821e-02, 5.464225e-02, 0.000000e+00
3.054821e-02, 5.464225e-02, 0.000000e+00
3.054821e-02, 5.464225e-02, 0.000000e+00
3.054821e-02, 5.464225e-02, 0.000000e+00
3.054821e-02, 5.464225e-02, 0.000000e+00
3.054821e-02, 5.464225e-02, 0.000000e+00
3.054821e-02, 5.464225e-02, 0.000000e+00
3.054821e-02, 5.464225e-02, 0.000000e+00
3.054821e-02, 5.464225e-02, 0.000000e+00
2.966412e-02, 8.103711e-02, 0.000000e+00
2.966412e-02, 8.103711e-02, 0.000000e+00
2.966412e-02, 8.103711e-02, 0.000000e+00
2.966412e-02, 8.103711e-02, 0.000000e+00
2.966412e-02, 8.103711e-02, 0.000000e+00
2.966412e-02, 8.103711e-02, 0.000000e+00
2.966412e-02, 8.103711e-02, 0.000000e+00
2.966412e-02, 8.103711e-02, 0.000000e+00
2.966412e-02, 8.103711e-02, 0.000000e+00
2.966412e-02, 8.103711e-02, 0.000000e+00
2.966412e-02, 8.103711e-02, 0.000000e+00
2.966412e-02, 8.103711e-02, 0.000000e+00
2.966412e-02, 8.103711e-02, 0.000000e+00
2.966412e-02, 8.103711e-02, 0.000000e+00
2.966412e-02, 8.103711e-02, 0.000000e+00
2.966412e-02, 8.103711e-02, 0.000000e+00
2.966412e-02, 8.103711e-02, 0.000000e+00
2.966412e-02, 8.103711e-02, 0.000000e+00
2.966412e-02, 8.103711e-02, 0.000000e+00
2.966412e-02, 8.103711e-02, 0.000000e+00
4.793540e-02, 7.945342e-02, 0.000000e+00
4.793540e-02, 7.945342e-02, 0.000000e+00
4.793540e-02, 7.945342e-02, 0.000000e+00
4.793540e-02, 7.945342e-02, 0.000000e+00
4.793540e-02, 7.945342e-02, 0.000000e+00
4.793540e-02, 7.945342e-02, 0.000000e+00
4.793540e-02, 7.945342e-02, 0.000000e+00
4.793540e-02, 7.945342e-02, 0.000000e+00
4.793540e-02, 7.945342e-02, 0.000000e+00
4.793540e-02, 7.945342e-02, 0.000000e+00
4.793540e-02, 7.945342e-02, 0.000000e+00
4.793540e-02, 7.945342e-02, 0.000000e+00
4.793540e-02, 7.945342e-02, 0.000000e+00
4.793540e-02, 7.945342e-02, 0.000000e+00
4.793540e-02, 7.945342e-02, 0.000000e+00
4.793540e-02, 7.945342e-02, 0.000000e+00
4.793540e-02, 7.945342e-02, 0.000000e+00
4.793540e-02, 7.945342e-02, 0.000000e+00
4.793540e-02, 7.945342e-02, 0.000000e+00
4.793540e-02, 7.945342e-02, 0.000000e+00
6.355439e-02, 7.892552e-02, 0.000000e+00
6.355439e-02, 7.892552e-02, 0.000000e+00
6.355439e-02, 7.892552e-02, 0.000000e+00
6.355439e-02, 7.892552e-02, 0.000000e+00
6.355439e-02, 7.892552e-02, 0.000000e+00
6.355439e-02, 7.892552e-02, 0.000000e+00
6.355439e-02, 7.892552e-02, 0.000000e+00
6.355439e-02, 7.892552e-02, 0.000000e+00
6.355439e-02, 7.892552e-02, 0.000000e+00
6.355439e-02, 7.892552e-02, 0.000000e+00
6.355439e-02, 7.892552e-02, 0.000000e+00
6.355439e-02, 7.892552e-02, 0.000000e+00
6.355439e-02, 7.892552e-02, 0.000000e+00
6.355439e-02, 7.892552e-02, 0.000000e+00
6.355439e-02, 7.892552e-02, 0.000000e+00
6.355439e-02, 7.892552e-02, 0.000000e+00
6.355439e-02, 7.892552e-02, 0.000000e+00
6.355439e-02, 7.892552e-02, 0.000000e+00
6.355439e-02, 7.892552e-02, 0.000000e+00
6.355439e-02, 7.892552e-02, 0.000000e+00
7.622640e-02, 7.681394e-02, 0.000000e+00
7.622640e-02, 7.681394e-02, 0.000000e+00
7.622640e-02, 7.681394e-02, 0.000000e+00
7.622640e-02, 7.681394e-02, 0.000000e+00
7.622640e-02, 7.681394e-02, 0.000000e+00
7.622640e-02, 7.681394e-02, 0.000000e+00
7.622640e-02, 7.681394e-02, 0.000000e+00
7.622640e-02, 7.681394e-02, 0.000000e+00
7.622640e-02, 7.681394e-02, 0.000000e+00
7.622640e-02, 7.681394e-02, 0.000000e+00
7.622640e-02, 7.681394e-02, 0.000000e+00
7.622640e-02, 7.681394e-02, 0.000000e+00
7.622640e-02, 7.681394e-02, 0.000000e+00
7.622640e-02, 7.681394e-02, 0.000000e+00
7.622640e-02, 7.681394e-02, 0.000000e+00
7.622640e-02, 7.681394e-02, 0.000000e+00
7.622640e-02, 7.681394e-02, 0.000000e+00
7.622640e-02, 7.681394e-02, 0.000000e+00
7.622640e-02, 7.681394e-02, 0.000000e+00
7.622640e-02, 7.681394e-02, 0.000000e+00
7.445821e-02, 4.936328e-02, 0.000000e+00
7.445821e-02, 4.936328e-02, 0.000000e+00
7.445821e-02, 4.936328e-02, 0.000000e+00
7.445821e-02, 4.936328e-02, 0.000000e+00
7.445821e-02, 4.936328e-02, 0.000000e+00
7.445821e-02, 4.936328e-02, 0.000000e+00
7.445821e-02, 4.936328e-02, 0.000000e+00
7.445821e-02, 4.936328e-02, 0.000000e+00
7.445821e-02, 4.936328e-02, 0.000000e+00
7.445821e-02, 4.936328e-02, 0.000000e+00
7.445821e-02, 4.936328e-02, 0.000000e+00
7.445821e-02, 4.936328e-02, 0.000000e+00
7.445821e-02, 4.936328e-02, 0.000000e+00
7.445821e-02, 4.936328e-02, 0.000000e+00
7.445821e-02, 4.936328e-02, 0.000000e+00
7.445821e-02, 4.936328e-02, 0.000000e+00
7.445821e-02, 4.936328e-02, 0.000000e+00
7.445821e-02, 4.936328e-02, 0.000000e+00
7.445821e-02, 4.936328e-02, 0.000000e+00
7.445821e-02, 4.936328e-02, 0.000000e+00
7.269002e-02, 2.032893e-02, 0.000000e+00
7.269002e-02, 2.032893e-02, 0.000000e+00
7.269002e-02, 2.032893e-02, 0.000000e+00
7.269002e-02, 2.032893e-02, 0.000000e+00
7.269002e-02, 2.032893e-02, 0.000000e+00
7.269002e-02, 2.032893e-02, 0.000000e+00
7.269002e-02, 2.032893e-02, 0.000000e+00
7.269002e-02, 2.032893e-02, 0.000000e+00
7.269002e-02, 2.032893e-02, 0.000000e+00
7.269002e-02, 2.032893e-02, 0.000000e+00
7.269002e-02, 2.032893e-02, 0.000000e+00
7.269002e-02, 2.032893e-02, 0.000000e+00
7.269002e-02, 2.032893e-02, 0.000000e+00
7.269002e-02, 2.032893e-02, 0.000000e+00
7.269002e-02, 2.032893e-02, 0.000000e+00
7.269002e-02, 2.032893e-02, 0.000000e+00
7.269002e-02, 2.032893e-02, 0.000000e+00
7.269002e-02, 2.032893e-02, 0.000000e+00
7.269002e-02, 2.032893e-02, 0.000000e+00
7.269002e-02, 2.032893e-02, 0.000000e+00
6.237560e-02, 2.032893e-02, 0.000000e+00
6.237560e-02, 2.032893e-02, 0.000000e+00
6.237560e-02, 2.032893e-02, 0.000000e+00
6.237560e-02, 2.032893e-02, 0.000000e+00
6.237560e-02, 2.032893e-02, 0.000000e+00
6.237560e-02, 2.032893e-02, 0.000000e+00
6.237560e-02, 2.032893e-02, 0.000000e+00
6.237560e-02, 2.032893e-02, 0.000000e+00
6.237560e-02, 2.032893e-02, 0.000000e+00
6.237560e-02, 2.032893e-02, 0.000000e+00
6.237560e-02, 2.032893e-02, 0.000000e+00
6.237560e-02, 2.032893e-02, 0.000000e+00
6.237560e-02, 2.032893e-02, 0.000000e+00
6.237560e-02, 2.032893e-02, 0.000000e+00
6.237560e-02, 2.032893e-02, 0.000000e+00
6.237560e-02, 2.032893e-02, 0.000000e+00
6.237560e-02, 2.032893e-02, 0.000000e+00
6.237560e-02, 2.032893e-02, 0.000000e+00
6.237560e-02, 2.032893e-02, 0.000000e+00
6.237560e-02, 2.032893e-02, 0.000000e+00
4.616721e-02, 2.032893e-02, 0.000000e+00
4.616721e-02, 2.032893e-02, 0.000000e+00
4.616721e-02, 2.032893e-02, 0.000000e+00
4.616721e-02, 2.032893e-02, 0.000000e+00
4.616721e-02, 2.032893e-02, 0.000000e+00
4.616721e-02, 2.032893e-02, 0.000000e+00
4.616721e-02, 2.032893e-02, 0.000000e+00
4.616721e-02, 2.032893e-02, 0.000000e+00
4.616721e-02, 2.032893e-02, 0.000000e+00
4.616721e-02, 2.032893e-02, 0.000000e+00
4.616721e-02, 2.032893e-02, 0.000000e+00
4.616721e-02, 2.032893e-02, 0.000000e+00
4.616721e-02, 2.032893e-02, 0.000000e+00
4.616721e-02, 2.032893e-02, 0.000000e+00
4.616721e-02, 2.032893e-02, 0.000000e+00
4.616721e-02, 2.032893e-02, 0.000000e+00
4.616721e-02, 2.032893e-02, 0.000000e+00
4.616721e-02, 2.032893e-02, 0.000000e+00
4.616721e-02, 2.032893e-02, 0.000000e+00
4.616721e-02, 2.032893e-02, 0.000000e+00
4.734600e-02, 5.305856e-02, 0.000000e+00
4.734600e-02, 5.305856e-02, 0.000000e+00
4.734600e-02, 5.305856e-02, 0.000000e+00
4.734600e-02, 5.305856e-02, 0.000000e+00
4.734600e-02, 5.305856e-02, 0.000000e+00
4.734600e-02, 5.305856e-02, 0.000000e+00
4.734600e-02, 5.305856e-02, 0.000000e+00
4.734600e-02, 5.305856e-02, 0.000000e+00
4.734600e-02, 5.305856e-02, 0.000000e+00
4.734600e-02, 5.305856e-02, 0.000000e+00
4.734600e-02, 5.305856e-02, 0.000000e+00
4.734600e-02, 5.305856e-02, 0.000000e+00
4.734600e-02, 5.305856e-02, 0.000000e+00
4.734600e-02, 5.305856e-02, 0.000000e+00
4.734600e-02, 5.305856e-02, 0.000000e+00
4.734600e-02, 5.305856e-02, 0.000000e+00
4.734600e-02, 5.305856e-02, 0.000000e+00
4.734600e-02, 5.305856e-02, 0.000000e+00
4.734600e-02, 5.305856e-02, 0.000000e+00
4.734600e-02, 5.305856e-02, 0.000000e+00
6.237560e-02, 5.358646e-02, 0.000000e+00
6.237560e-02, 5.358646e-02, 0.000000e+00
6.237560e-02, 5.358646e-02, 0.000000e+00
6.237560e-02, 5.358646e-02, 0.000000e+00
6.237560e-02, 5.358646e-02, 0.000000e+00
6.237560e-02, 5.358646e-02, 0.000000e+00
6.237560e-02, 5.358646e-02, 0.000000e+00
6.237560e-02, 5.358646e-02, 0.000000e+00
6.237560e-02, 5.358646e-02, 0.000000e+00
6.237560e-02, 5.358646e-02, 0.000000e+00
6.237560e-02, 5.358646e-02, 0.000000e+00
6.237560e-02, 5.358646e-02, 0.000000e+00
6.237560e-02, 5.358646e-02, 0.000000e+00
6.237560e-02, 5.358646e-02, 0.000000e+00
6.237560e-02, 5.358646e-02, 0.000000e+00
6.237560e-02, 5.358646e-02, 0.000000e+00
6.237560e-02, 5.358646e-02, 0.000000e+00
6.237560e-02, 5.358646e-02, 0.000000e+00
6.237560e-02, 5.358646e-02, 0.000000e+00
6.237560e-02, 5.358646e-02, 0.000000e+00
6.119681e-02, -6.065930e-03, 0.000000e+00
6.119681e-02, -6.065930e-03, 0.000000e+00
6.119681e-02, -6.065930e-03, 0.000000e+00
6.119681e-02, -6.065930e-03, 0.000000e+00
6.119681e-02, -6.065930e-03, 0.000000e+00
6.119681e-02, -6.065930e-03, 0.000000e+00
6.119681e-02, -6.065930e-03, 0.000000e+00
6.119681e-02, -6.065930e-03, 0.000000e+00
6.119681e-02, -6.065930e-03, 0.000000e+00
6.119681e-02, -6.065930e-03, 0.000000e+00
6.119681e-02, -6.065930e-03, 0.000000e+00
6.119681e-02, -6.065930e-03, 0.000000e+00
6.119681e-02, -6.065930e-03, 0.000000e+00
6.119681e-02, -6.065930e-03, 0.000000e+00
6.119681e-02, -6.065930e-03, 0.000000e+00
6.119681e-02, -6.065930e-03, 0.000000e+00
6.119681e-02, -6.065930e-03, 0.000000e+00
6.119681e-02, -6.065930e-03, 0.000000e+00
6.119681e-02, -6.065930e-03, 0.000000e+00
6.119681e-02, -6.065930e-03, 0.000000e+00
5.942862e-02, -3.773976e-02, 0.000000e+00
5.942862e-02, -3.773976e-02, 0.000000e+00
5.942862e-02, -3.773976e-02, 0.000000e+00
5.942862e-02, -3.773976e-02, 0.000000e+00
5.942862e-02, -3.773976e-02, 0.000000e+00
5.942862e-02, -3.773976e-02, 0.000000e+00
5.942862e-02, -3.773976e-02, 0.000000e+00
5.942862e-02, -3.773976e-02, 0.000000e+00
5.942862e-02, -3.773976e-02, 0.000000e+00
5.942862e-02, -3.773976e-02, 0.000000e+00
5.942862e-02, -3.773976e-02, 0.000000e+00
5.942862e-02, -3.773976e-02, 0.000000e+00
5.942862e-02, -3.773976e-02, 0.000000e+00
5.942862e-02, -3.773976e-02, 0.000000e+00
5.942862e-02, -3.773976e-02, 0.000000e+00
5.942862e-02, -3.773976e-02, 0.000000e+00
5.942862e-02, -3.773976e-02, 0.000000e+00
5.942862e-02, -3.773976e-02, 0.000000e+00
5.942862e-02, -3.773976e-02, 0.000000e+00
5.942862e-02, -3.773976e-02, 0.000000e+00
7.298472e-02, -3.879556e-02, 0.000000e+00
7.298472e-02, -3.879556e-02, 0.000000e+00
7.298472e-02, -3.879556e-02, 0.000000e+00
7.298472e-02, -3.879556e-02, 0.000000e+00
7.298472e-02, -3.879556e-02, 0.000000e+00
7.298472e-02, -3.879556e-02, 0.000000e+00
7.298472e-02, -3.879556e-02, 0.000000e+00
7.298472e-02, -3.879556e-02, 0.000000e+00
7.298472e-02, -3.879556e-02, 0.000000e+00
7.298472e-02, -3.879556e-02, 0.000000e+00
7.298472e-02, -3.879556e-02, 0.000000e+00
7.298472e-02, -3.879556e-02, 0.000000e+00
7.298472e-02, -3.879556e-02, 0.000000e+00
7.298472e-02, -3.879556e-02, 0.000000e+00
7.298472e-02, -3.879556e-02, 0.000000e+00
7.298472e-02, -3.879556e-02, 0.000000e+00
7.298472e-02, -3.879556e-02, 0.000000e+00
7.298472e-02, -3.879556e-02, 0.000000e+00
7.298472e-02, -3.879556e-02, 0.000000e+00
7.298472e-02, -3.879556e-02, 0.000000e+00
7.357412e-02, -8.177519e-03, 0.000000e+00
7.357412e-02, -8.177519e-03, 0.000000e+00
7.357412e-02, -8.177519e-03, 0.000000e+00
7.357412e-02, -8.177519e-03, 0.000000e+00
7.357412e-02, -8.177519e-03, 0.000000e+00
7.357412e-02, -8.177519e-03, 0.000000e+00
7.357412e-02, -8.177519e-03, 0.000000e+00
7.357412e-02, -8.177519e-03, 0.000000e+00
7.357412e-02, -8.177519e-03, 0.000000e+00
7.357412e-02, -8.177519e-03, 0.000000e+00
7.357412e-02, -8.177519e-03, 0.000000e+00
7.357412e-02, -8.177519e-03, 0.000000e+00
7.357412e-02, -8.177519e-03, 0.000000e+00
7.357412e-02, -8.177519e-03, 0.000000e+00
7.357412e-02, -8.177519e-03, 0.000000e+00
7.357412e-02, -8.177519e-03, 0.000000e+00
7.357412e-02, -8.177519e-03, 0.000000e+00
7.357412e-02, -8.177519e-03, 0.000000e+00
7.357412e-02, -8.177519e-03, 0.000000e+00
7.357412e-02, -8.177519e-03, 0.000000e+00
4.498842e-02, -3.615607e-02, 0.000000e+00
4.498842e-02, -3.615607e-02, 0.000000e+00
4.498842e-02, -3.615607e-02, 0.000000e+00
4.498842e-02, -3.615607e-02, 0.000000e+00
4.498842e-02, -3.615607e-02, 0.000000e+00
4.498842e-02, -3.615607e-02, 0.000000e+00
4.498842e-02, -3.615607e-02, 0.000000e+00
4.498842e-02, -3.615607e-02, 0.000000e+00
4.498842e-02, -3.615607e-02, 0.000000e+00
4.498842e-02, -3.615607e-02, 0.000000e+00
4.498842e-02, -3.615607e-02, 0.000000e+00
4.498842e-02, -3.615607e-02, 0.000000e+00
4.498842e-02, -3.615607e-02, 0.000000e+00
4.498842e-02, -3.615607e-02, 0.000000e+00
4.498842e-02, -3.615607e-02, 0.000000e+00
4.498842e-02, -3.615607e-02, 0.000000e+00
4.498842e-02, -3.615607e-02, 0.000000e+00
4.498842e-02, -3.615607e-02, 0.000000e+00
4.498842e-02, -3.615607e-02, 0.000000e+00
4.498842e-02, -3.615607e-02, 0.000000e+00
4.498842e-02, -4.482239e-03, 0.000000e+00
4.498842e-02, -4.482239e-03, 0.000000e+00
4.498842e-02, -4.482239e-03, 0.000000e+00
4.498842e-02, -4.482239e-03, 0.000000e+00
4.498842e-02, -4.482239e-03, 0.000000e+00
4.498842e-02, -4.482239e-03, 0.000000e+00
4.498842e-02, -4.482239e-03, 0.000000e+00
4.498842e-02, -4.482239e-03, 0.000000e+00
4.498842e-02, -4.482239e-03, 0.000000e+00
4.498842e-02, -4.482239e-03, 0.000000e+00
4.498842e-02, -4.482239e-03, 0.000000e+00
4.498842e-02, -4.482239e-03, 0.000000e+00
4.498842e-02, -4.482239e-03, 0.000000e+00
4.498842e-02, -4.482239e-03, 0.000000e+00
4.498842e-02, -4.482239e-03, 0.000000e+00
4.498842e-02, -4.482239e-03, 0.000000e+00
4.498842e-02, -4.482239e-03, 0.000000e+00
4.498842e-02, -4.482239e-03, 0.000000e+00
4.498842e-02, -4.482239e-03, 0.000000e+00
4.498842e-02, -4.482239e-03, 0.000000e+00
